NAME,USERID
Lecturer_15201,15201
Lecturer_15202,15202
Lecturer_15203,15203
Lecturer_15204,15204
Lecturer_15205,15205
Lecturer_15206,15206
Lecturer_15207,15207
Lecturer_15208,15208
Lecturer_15209,15209
Lecturer_15210,15210
Lecturer_15211,15211
Lecturer_15212,15212
Lecturer_15213,15213
Lecturer_15214,15214
Lecturer_15215,15215
Lecturer_15216,15216
Lecturer_15217,15217
Lecturer_15218,15218
Lecturer_15219,15219
Lecturer_15220,15220
Lecturer_15221,15221
Lecturer_15222,15222
Lecturer_15223,15223
Lecturer_15224,15224
Lecturer_15225,15225
Lecturer_15226,15226
Lecturer_15227,15227
Lecturer_15228,15228
Lecturer_15229,15229
Lecturer_15230,15230
Lecturer_15231,15231
Lecturer_15232,15232
Lecturer_15233,15233
Lecturer_15234,15234
Lecturer_15235,15235
Lecturer_15236,15236
Lecturer_15237,15237
Lecturer_15238,15238
Lecturer_15239,15239
Lecturer_15240,15240
Lecturer_15241,15241
Lecturer_15242,15242
Lecturer_15243,15243
Lecturer_15244,15244
Lecturer_15245,15245
Lecturer_15246,15246
Lecturer_15247,15247
Lecturer_15248,15248
Lecturer_15249,15249
Lecturer_15250,15250
Lecturer_15251,15251
Lecturer_15252,15252
Lecturer_15253,15253
Lecturer_15254,15254
Lecturer_15255,15255
Lecturer_15256,15256
Lecturer_15257,15257
Lecturer_15258,15258
Lecturer_15259,15259
Lecturer_15260,15260
Lecturer_15261,15261
Lecturer_15262,15262
Lecturer_15263,15263
Lecturer_15264,15264
Lecturer_15265,15265
Lecturer_15266,15266
Lecturer_15267,15267
Lecturer_15268,15268
Lecturer_15269,15269
Lecturer_15270,15270
Lecturer_15271,15271
Lecturer_15272,15272
Lecturer_15273,15273
Lecturer_15274,15274
Lecturer_15275,15275
Lecturer_15276,15276
Lecturer_15277,15277
Lecturer_15278,15278
Lecturer_15279,15279
Lecturer_15280,15280
Lecturer_15281,15281
Lecturer_15282,15282
Lecturer_15283,15283
Lecturer_15284,15284
Lecturer_15285,15285
Lecturer_15286,15286
Lecturer_15287,15287
Lecturer_15288,15288
Lecturer_15289,15289
Lecturer_15290,15290
Lecturer_15291,15291
Lecturer_15292,15292
Lecturer_15293,15293
Lecturer_15294,15294
Lecturer_15295,15295
Lecturer_15296,15296
Lecturer_15297,15297
Lecturer_15298,15298
Lecturer_15299,15299
Lecturer_15300,15300
Lecturer_15301,15301
Lecturer_15302,15302
Lecturer_15303,15303
Lecturer_15304,15304
Lecturer_15305,15305
Lecturer_15306,15306
Lecturer_15307,15307
Lecturer_15308,15308
Lecturer_15309,15309
Lecturer_15310,15310
Lecturer_15311,15311
Lecturer_15312,15312
Lecturer_15313,15313
Lecturer_15314,15314
Lecturer_15315,15315
Lecturer_15316,15316
Lecturer_15317,15317
Lecturer_15318,15318
Lecturer_15319,15319
Lecturer_15320,15320
Lecturer_15321,15321
Lecturer_15322,15322
Lecturer_15323,15323
Lecturer_15324,15324
Lecturer_15325,15325
Lecturer_15326,15326
Lecturer_15327,15327
Lecturer_15328,15328
Lecturer_15329,15329
Lecturer_15330,15330
Lecturer_15331,15331
Lecturer_15332,15332
Lecturer_15333,15333
Lecturer_15334,15334
Lecturer_15335,15335
Lecturer_15336,15336
Lecturer_15337,15337
Lecturer_15338,15338
Lecturer_15339,15339
Lecturer_15340,15340
Lecturer_15341,15341
Lecturer_15342,15342
Lecturer_15343,15343
Lecturer_15344,15344
Lecturer_15345,15345
Lecturer_15346,15346
Lecturer_15347,15347
Lecturer_15348,15348
Lecturer_15349,15349
Lecturer_15350,15350
Lecturer_15351,15351
Lecturer_15352,15352
Lecturer_15353,15353
Lecturer_15354,15354
Lecturer_15355,15355
Lecturer_15356,15356
Lecturer_15357,15357
Lecturer_15358,15358
Lecturer_15359,15359
Lecturer_15360,15360
Lecturer_15361,15361
Lecturer_15362,15362
Lecturer_15363,15363
Lecturer_15364,15364
Lecturer_15365,15365
Lecturer_15366,15366
Lecturer_15367,15367
Lecturer_15368,15368
Lecturer_15369,15369
Lecturer_15370,15370
Lecturer_15371,15371
Lecturer_15372,15372
Lecturer_15373,15373
Lecturer_15374,15374
Lecturer_15375,15375
Lecturer_15376,15376
Lecturer_15377,15377
Lecturer_15378,15378
Lecturer_15379,15379
Lecturer_15380,15380
Lecturer_15381,15381
Lecturer_15382,15382
Lecturer_15383,15383
Lecturer_15384,15384
Lecturer_15385,15385
Lecturer_15386,15386
Lecturer_15387,15387
Lecturer_15388,15388
Lecturer_15389,15389
Lecturer_15390,15390
Lecturer_15391,15391
Lecturer_15392,15392
Lecturer_15393,15393
Lecturer_15394,15394
Lecturer_15395,15395
Lecturer_15396,15396
Lecturer_15397,15397
Lecturer_15398,15398
Lecturer_15399,15399
Lecturer_15400,15400
Lecturer_15401,15401
Lecturer_15402,15402
Lecturer_15403,15403
Lecturer_15404,15404
Lecturer_15405,15405
Lecturer_15406,15406
Lecturer_15407,15407
Lecturer_15408,15408
Lecturer_15409,15409
Lecturer_15410,15410
Lecturer_15411,15411
Lecturer_15412,15412
Lecturer_15413,15413
Lecturer_15414,15414
Lecturer_15415,15415
Lecturer_15416,15416
Lecturer_15417,15417
Lecturer_15418,15418
Lecturer_15419,15419
Lecturer_15420,15420
Lecturer_15421,15421
Lecturer_15422,15422
Lecturer_15423,15423
Lecturer_15424,15424
Lecturer_15425,15425
Lecturer_15426,15426
Lecturer_15427,15427
Lecturer_15428,15428
Lecturer_15429,15429
Lecturer_15430,15430
Lecturer_15431,15431
Lecturer_15432,15432
Lecturer_15433,15433
Lecturer_15434,15434
Lecturer_15435,15435
Lecturer_15436,15436
Lecturer_15437,15437
Lecturer_15438,15438
Lecturer_15439,15439
Lecturer_15440,15440
Lecturer_15441,15441
Lecturer_15442,15442
Lecturer_15443,15443
Lecturer_15444,15444
Lecturer_15445,15445
Lecturer_15446,15446
Lecturer_15447,15447
Lecturer_15448,15448
Lecturer_15449,15449
Lecturer_15450,15450
Lecturer_15451,15451
Lecturer_15452,15452
Lecturer_15453,15453
Lecturer_15454,15454
Lecturer_15455,15455
Lecturer_15456,15456
Lecturer_15457,15457
Lecturer_15458,15458
Lecturer_15459,15459
Lecturer_15460,15460
Lecturer_15461,15461
Lecturer_15462,15462
Lecturer_15463,15463
Lecturer_15464,15464
Lecturer_15465,15465
Lecturer_15466,15466
Lecturer_15467,15467
Lecturer_15468,15468
Lecturer_15469,15469
Lecturer_15470,15470
Lecturer_15471,15471
Lecturer_15472,15472
Lecturer_15473,15473
Lecturer_15474,15474
Lecturer_15475,15475
Lecturer_15476,15476
Lecturer_15477,15477
Lecturer_15478,15478
Lecturer_15479,15479
Lecturer_15480,15480
Lecturer_15481,15481
Lecturer_15482,15482
Lecturer_15483,15483
Lecturer_15484,15484
Lecturer_15485,15485
Lecturer_15486,15486
Lecturer_15487,15487
Lecturer_15488,15488
Lecturer_15489,15489
Lecturer_15490,15490
Lecturer_15491,15491
Lecturer_15492,15492
Lecturer_15493,15493
Lecturer_15494,15494
Lecturer_15495,15495
Lecturer_15496,15496
Lecturer_15497,15497
Lecturer_15498,15498
Lecturer_15499,15499
Lecturer_15500,15500
Lecturer_15501,15501
Lecturer_15502,15502
Lecturer_15503,15503
Lecturer_15504,15504
Lecturer_15505,15505
Lecturer_15506,15506
Lecturer_15507,15507
Lecturer_15508,15508
Lecturer_15509,15509
Lecturer_15510,15510
Lecturer_15511,15511
Lecturer_15512,15512
Lecturer_15513,15513
Lecturer_15514,15514
Lecturer_15515,15515
Lecturer_15516,15516
Lecturer_15517,15517
Lecturer_15518,15518
Lecturer_15519,15519
Lecturer_15520,15520
Lecturer_15521,15521
Lecturer_15522,15522
Lecturer_15523,15523
Lecturer_15524,15524
Lecturer_15525,15525
Lecturer_15526,15526
Lecturer_15527,15527
Lecturer_15528,15528
Lecturer_15529,15529
Lecturer_15530,15530
Lecturer_15531,15531
Lecturer_15532,15532
Lecturer_15533,15533
Lecturer_15534,15534
Lecturer_15535,15535
Lecturer_15536,15536
Lecturer_15537,15537
Lecturer_15538,15538
Lecturer_15539,15539
Lecturer_15540,15540
Lecturer_15541,15541
Lecturer_15542,15542
Lecturer_15543,15543
Lecturer_15544,15544
Lecturer_15545,15545
Lecturer_15546,15546
Lecturer_15547,15547
Lecturer_15548,15548
Lecturer_15549,15549
Lecturer_15550,15550
Lecturer_15551,15551
Lecturer_15552,15552
Lecturer_15553,15553
Lecturer_15554,15554
Lecturer_15555,15555
Lecturer_15556,15556
Lecturer_15557,15557
Lecturer_15558,15558
Lecturer_15559,15559
Lecturer_15560,15560
Lecturer_15561,15561
Lecturer_15562,15562
Lecturer_15563,15563
Lecturer_15564,15564
Lecturer_15565,15565
Lecturer_15566,15566
Lecturer_15567,15567
Lecturer_15568,15568
Lecturer_15569,15569
Lecturer_15570,15570
Lecturer_15571,15571
Lecturer_15572,15572
Lecturer_15573,15573
Lecturer_15574,15574
Lecturer_15575,15575
Lecturer_15576,15576
Lecturer_15577,15577
Lecturer_15578,15578
Lecturer_15579,15579
Lecturer_15580,15580
Lecturer_15581,15581
Lecturer_15582,15582
Lecturer_15583,15583
Lecturer_15584,15584
Lecturer_15585,15585
Lecturer_15586,15586
Lecturer_15587,15587
Lecturer_15588,15588
Lecturer_15589,15589
Lecturer_15590,15590
Lecturer_15591,15591
Lecturer_15592,15592
Lecturer_15593,15593
Lecturer_15594,15594
Lecturer_15595,15595
Lecturer_15596,15596
Lecturer_15597,15597
Lecturer_15598,15598
Lecturer_15599,15599
Lecturer_15600,15600
Lecturer_15601,15601
Lecturer_15602,15602
Lecturer_15603,15603
Lecturer_15604,15604
Lecturer_15605,15605
Lecturer_15606,15606
Lecturer_15607,15607
Lecturer_15608,15608
Lecturer_15609,15609
Lecturer_15610,15610
Lecturer_15611,15611
Lecturer_15612,15612
Lecturer_15613,15613
Lecturer_15614,15614
Lecturer_15615,15615
Lecturer_15616,15616
Lecturer_15617,15617
Lecturer_15618,15618
Lecturer_15619,15619
Lecturer_15620,15620
Lecturer_15621,15621
Lecturer_15622,15622
Lecturer_15623,15623
Lecturer_15624,15624
Lecturer_15625,15625
Lecturer_15626,15626
Lecturer_15627,15627
Lecturer_15628,15628
Lecturer_15629,15629
Lecturer_15630,15630
Lecturer_15631,15631
Lecturer_15632,15632
Lecturer_15633,15633
Lecturer_15634,15634
Lecturer_15635,15635
Lecturer_15636,15636
Lecturer_15637,15637
Lecturer_15638,15638
Lecturer_15639,15639
Lecturer_15640,15640
Lecturer_15641,15641
Lecturer_15642,15642
Lecturer_15643,15643
Lecturer_15644,15644
Lecturer_15645,15645
Lecturer_15646,15646
Lecturer_15647,15647
Lecturer_15648,15648
Lecturer_15649,15649
Lecturer_15650,15650
Lecturer_15651,15651
Lecturer_15652,15652
Lecturer_15653,15653
Lecturer_15654,15654
Lecturer_15655,15655
Lecturer_15656,15656
Lecturer_15657,15657
Lecturer_15658,15658
Lecturer_15659,15659
Lecturer_15660,15660
Lecturer_15661,15661
Lecturer_15662,15662
Lecturer_15663,15663
Lecturer_15664,15664
Lecturer_15665,15665
Lecturer_15666,15666
Lecturer_15667,15667
Lecturer_15668,15668
Lecturer_15669,15669
Lecturer_15670,15670
Lecturer_15671,15671
Lecturer_15672,15672
Lecturer_15673,15673
Lecturer_15674,15674
Lecturer_15675,15675
Lecturer_15676,15676
Lecturer_15677,15677
Lecturer_15678,15678
Lecturer_15679,15679
Lecturer_15680,15680
Lecturer_15681,15681
Lecturer_15682,15682
Lecturer_15683,15683
Lecturer_15684,15684
Lecturer_15685,15685
Lecturer_15686,15686
Lecturer_15687,15687
Lecturer_15688,15688
Lecturer_15689,15689
Lecturer_15690,15690
Lecturer_15691,15691
Lecturer_15692,15692
Lecturer_15693,15693
Lecturer_15694,15694
Lecturer_15695,15695
Lecturer_15696,15696
Lecturer_15697,15697
Lecturer_15698,15698
Lecturer_15699,15699
Lecturer_15700,15700
Lecturer_15701,15701
Lecturer_15702,15702
Lecturer_15703,15703
Lecturer_15704,15704
Lecturer_15705,15705
Lecturer_15706,15706
Lecturer_15707,15707
Lecturer_15708,15708
Lecturer_15709,15709
Lecturer_15710,15710
Lecturer_15711,15711
Lecturer_15712,15712
Lecturer_15713,15713
Lecturer_15714,15714
Lecturer_15715,15715
Lecturer_15716,15716
Lecturer_15717,15717
Lecturer_15718,15718
Lecturer_15719,15719
Lecturer_15720,15720
Lecturer_15721,15721
Lecturer_15722,15722
Lecturer_15723,15723
Lecturer_15724,15724
Lecturer_15725,15725
Lecturer_15726,15726
Lecturer_15727,15727
Lecturer_15728,15728
Lecturer_15729,15729
Lecturer_15730,15730
Lecturer_15731,15731
Lecturer_15732,15732
Lecturer_15733,15733
Lecturer_15734,15734
Lecturer_15735,15735
Lecturer_15736,15736
Lecturer_15737,15737
Lecturer_15738,15738
Lecturer_15739,15739
Lecturer_15740,15740
Lecturer_15741,15741
Lecturer_15742,15742
Lecturer_15743,15743
Lecturer_15744,15744
Lecturer_15745,15745
Lecturer_15746,15746
Lecturer_15747,15747
Lecturer_15748,15748
Lecturer_15749,15749
Lecturer_15750,15750
Lecturer_15751,15751
Lecturer_15752,15752
Lecturer_15753,15753
Lecturer_15754,15754
Lecturer_15755,15755
Lecturer_15756,15756
Lecturer_15757,15757
Lecturer_15758,15758
Lecturer_15759,15759
Lecturer_15760,15760
Lecturer_15761,15761
Lecturer_15762,15762
Lecturer_15763,15763
Lecturer_15764,15764
Lecturer_15765,15765
Lecturer_15766,15766
Lecturer_15767,15767
Lecturer_15768,15768
Lecturer_15769,15769
Lecturer_15770,15770
Lecturer_15771,15771
Lecturer_15772,15772
Lecturer_15773,15773
Lecturer_15774,15774
Lecturer_15775,15775
Lecturer_15776,15776
Lecturer_15777,15777
Lecturer_15778,15778
Lecturer_15779,15779
Lecturer_15780,15780
Lecturer_15781,15781
Lecturer_15782,15782
Lecturer_15783,15783
Lecturer_15784,15784
Lecturer_15785,15785
Lecturer_15786,15786
Lecturer_15787,15787
Lecturer_15788,15788
Lecturer_15789,15789
Lecturer_15790,15790
Lecturer_15791,15791
Lecturer_15792,15792
Lecturer_15793,15793
Lecturer_15794,15794
Lecturer_15795,15795
Lecturer_15796,15796
Lecturer_15797,15797
Lecturer_15798,15798
Lecturer_15799,15799
Lecturer_15800,15800
Lecturer_15801,15801
Lecturer_15802,15802
Lecturer_15803,15803
Lecturer_15804,15804
Lecturer_15805,15805
Lecturer_15806,15806
Lecturer_15807,15807
Lecturer_15808,15808
Lecturer_15809,15809
Lecturer_15810,15810
Lecturer_15811,15811
Lecturer_15812,15812
Lecturer_15813,15813
Lecturer_15814,15814
Lecturer_15815,15815
Lecturer_15816,15816
Lecturer_15817,15817
Lecturer_15818,15818
Lecturer_15819,15819
Lecturer_15820,15820
Lecturer_15821,15821
Lecturer_15822,15822
Lecturer_15823,15823
Lecturer_15824,15824
Lecturer_15825,15825
Lecturer_15826,15826
Lecturer_15827,15827
Lecturer_15828,15828
Lecturer_15829,15829
Lecturer_15830,15830
Lecturer_15831,15831
Lecturer_15832,15832
Lecturer_15833,15833
Lecturer_15834,15834
Lecturer_15835,15835
Lecturer_15836,15836
Lecturer_15837,15837
Lecturer_15838,15838
Lecturer_15839,15839
Lecturer_15840,15840
Lecturer_15841,15841
Lecturer_15842,15842
Lecturer_15843,15843
Lecturer_15844,15844
Lecturer_15845,15845
Lecturer_15846,15846
Lecturer_15847,15847
Lecturer_15848,15848
Lecturer_15849,15849
Lecturer_15850,15850
Lecturer_15851,15851
Lecturer_15852,15852
Lecturer_15853,15853
Lecturer_15854,15854
Lecturer_15855,15855
Lecturer_15856,15856
Lecturer_15857,15857
Lecturer_15858,15858
Lecturer_15859,15859
Lecturer_15860,15860
Lecturer_15861,15861
Lecturer_15862,15862
Lecturer_15863,15863
Lecturer_15864,15864
Lecturer_15865,15865
Lecturer_15866,15866
Lecturer_15867,15867
Lecturer_15868,15868
Lecturer_15869,15869
Lecturer_15870,15870
Lecturer_15871,15871
Lecturer_15872,15872
Lecturer_15873,15873
Lecturer_15874,15874
Lecturer_15875,15875
Lecturer_15876,15876
Lecturer_15877,15877
Lecturer_15878,15878
Lecturer_15879,15879
Lecturer_15880,15880
Lecturer_15881,15881
Lecturer_15882,15882
Lecturer_15883,15883
Lecturer_15884,15884
Lecturer_15885,15885
Lecturer_15886,15886
Lecturer_15887,15887
Lecturer_15888,15888
Lecturer_15889,15889
Lecturer_15890,15890
Lecturer_15891,15891
Lecturer_15892,15892
Lecturer_15893,15893
Lecturer_15894,15894
Lecturer_15895,15895
Lecturer_15896,15896
Lecturer_15897,15897
Lecturer_15898,15898
Lecturer_15899,15899
Lecturer_15900,15900
Lecturer_15901,15901
Lecturer_15902,15902
Lecturer_15903,15903
Lecturer_15904,15904
Lecturer_15905,15905
Lecturer_15906,15906
Lecturer_15907,15907
Lecturer_15908,15908
Lecturer_15909,15909
Lecturer_15910,15910
Lecturer_15911,15911
Lecturer_15912,15912
Lecturer_15913,15913
Lecturer_15914,15914
Lecturer_15915,15915
Lecturer_15916,15916
Lecturer_15917,15917
Lecturer_15918,15918
Lecturer_15919,15919
Lecturer_15920,15920
Lecturer_15921,15921
Lecturer_15922,15922
Lecturer_15923,15923
Lecturer_15924,15924
Lecturer_15925,15925
Lecturer_15926,15926
Lecturer_15927,15927
Lecturer_15928,15928
Lecturer_15929,15929
Lecturer_15930,15930
Lecturer_15931,15931
Lecturer_15932,15932
Lecturer_15933,15933
Lecturer_15934,15934
Lecturer_15935,15935
Lecturer_15936,15936
Lecturer_15937,15937
Lecturer_15938,15938
Lecturer_15939,15939
Lecturer_15940,15940
Lecturer_15941,15941
Lecturer_15942,15942
Lecturer_15943,15943
Lecturer_15944,15944
Lecturer_15945,15945
Lecturer_15946,15946
Lecturer_15947,15947
Lecturer_15948,15948
Lecturer_15949,15949
Lecturer_15950,15950
Lecturer_15951,15951
Lecturer_15952,15952
Lecturer_15953,15953
Lecturer_15954,15954
Lecturer_15955,15955
Lecturer_15956,15956
Lecturer_15957,15957
Lecturer_15958,15958
Lecturer_15959,15959
Lecturer_15960,15960
Lecturer_15961,15961
Lecturer_15962,15962
Lecturer_15963,15963
Lecturer_15964,15964
Lecturer_15965,15965
Lecturer_15966,15966
Lecturer_15967,15967
Lecturer_15968,15968
Lecturer_15969,15969
Lecturer_15970,15970
Lecturer_15971,15971
Lecturer_15972,15972
Lecturer_15973,15973
Lecturer_15974,15974
Lecturer_15975,15975
Lecturer_15976,15976
Lecturer_15977,15977
Lecturer_15978,15978
Lecturer_15979,15979
Lecturer_15980,15980
Lecturer_15981,15981
Lecturer_15982,15982
Lecturer_15983,15983
Lecturer_15984,15984
Lecturer_15985,15985
Lecturer_15986,15986
Lecturer_15987,15987
Lecturer_15988,15988
Lecturer_15989,15989
Lecturer_15990,15990
Lecturer_15991,15991
Lecturer_15992,15992
Lecturer_15993,15993
Lecturer_15994,15994
Lecturer_15995,15995
Lecturer_15996,15996
Lecturer_15997,15997
Lecturer_15998,15998
Lecturer_15999,15999
Lecturer_16000,16000
Lecturer_16001,16001
Lecturer_16002,16002
Lecturer_16003,16003
Lecturer_16004,16004
Lecturer_16005,16005
Lecturer_16006,16006
Lecturer_16007,16007
Lecturer_16008,16008
Lecturer_16009,16009
Lecturer_16010,16010
Lecturer_16011,16011
Lecturer_16012,16012
Lecturer_16013,16013
Lecturer_16014,16014
Lecturer_16015,16015
Lecturer_16016,16016
Lecturer_16017,16017
Lecturer_16018,16018
Lecturer_16019,16019
Lecturer_16020,16020
Lecturer_16021,16021
Lecturer_16022,16022
Lecturer_16023,16023
Lecturer_16024,16024
Lecturer_16025,16025
Lecturer_16026,16026
Lecturer_16027,16027
Lecturer_16028,16028
Lecturer_16029,16029
Lecturer_16030,16030
Lecturer_16031,16031
Lecturer_16032,16032
Lecturer_16033,16033
Lecturer_16034,16034
Lecturer_16035,16035
Lecturer_16036,16036
Lecturer_16037,16037
Lecturer_16038,16038
Lecturer_16039,16039
Lecturer_16040,16040
Lecturer_16041,16041
Lecturer_16042,16042
Lecturer_16043,16043
Lecturer_16044,16044
Lecturer_16045,16045
Lecturer_16046,16046
Lecturer_16047,16047
Lecturer_16048,16048
Lecturer_16049,16049
Lecturer_16050,16050
Lecturer_16051,16051
Lecturer_16052,16052
Lecturer_16053,16053
Lecturer_16054,16054
Lecturer_16055,16055
Lecturer_16056,16056
Lecturer_16057,16057
Lecturer_16058,16058
Lecturer_16059,16059
Lecturer_16060,16060
Lecturer_16061,16061
Lecturer_16062,16062
Lecturer_16063,16063
Lecturer_16064,16064
Lecturer_16065,16065
Lecturer_16066,16066
Lecturer_16067,16067
Lecturer_16068,16068
Lecturer_16069,16069
Lecturer_16070,16070
Lecturer_16071,16071
Lecturer_16072,16072
Lecturer_16073,16073
Lecturer_16074,16074
Lecturer_16075,16075
Lecturer_16076,16076
Lecturer_16077,16077
Lecturer_16078,16078
Lecturer_16079,16079
Lecturer_16080,16080
Lecturer_16081,16081
Lecturer_16082,16082
Lecturer_16083,16083
Lecturer_16084,16084
Lecturer_16085,16085
Lecturer_16086,16086
Lecturer_16087,16087
Lecturer_16088,16088
Lecturer_16089,16089
Lecturer_16090,16090
Lecturer_16091,16091
Lecturer_16092,16092
Lecturer_16093,16093
Lecturer_16094,16094
Lecturer_16095,16095
Lecturer_16096,16096
Lecturer_16097,16097
Lecturer_16098,16098
Lecturer_16099,16099
Lecturer_16100,16100
Lecturer_16101,16101
Lecturer_16102,16102
Lecturer_16103,16103
Lecturer_16104,16104
Lecturer_16105,16105
Lecturer_16106,16106
Lecturer_16107,16107
Lecturer_16108,16108
Lecturer_16109,16109
Lecturer_16110,16110
Lecturer_16111,16111
Lecturer_16112,16112
Lecturer_16113,16113
Lecturer_16114,16114
Lecturer_16115,16115
Lecturer_16116,16116
Lecturer_16117,16117
Lecturer_16118,16118
Lecturer_16119,16119
Lecturer_16120,16120
Lecturer_16121,16121
Lecturer_16122,16122
Lecturer_16123,16123
Lecturer_16124,16124
Lecturer_16125,16125
Lecturer_16126,16126
Lecturer_16127,16127
Lecturer_16128,16128
Lecturer_16129,16129
Lecturer_16130,16130
Lecturer_16131,16131
Lecturer_16132,16132
Lecturer_16133,16133
Lecturer_16134,16134
Lecturer_16135,16135
Lecturer_16136,16136
Lecturer_16137,16137
Lecturer_16138,16138
Lecturer_16139,16139
Lecturer_16140,16140
Lecturer_16141,16141
Lecturer_16142,16142
Lecturer_16143,16143
Lecturer_16144,16144
Lecturer_16145,16145
Lecturer_16146,16146
Lecturer_16147,16147
Lecturer_16148,16148
Lecturer_16149,16149
Lecturer_16150,16150
Lecturer_16151,16151
Lecturer_16152,16152
Lecturer_16153,16153
Lecturer_16154,16154
Lecturer_16155,16155
Lecturer_16156,16156
Lecturer_16157,16157
Lecturer_16158,16158
Lecturer_16159,16159
Lecturer_16160,16160
Lecturer_16161,16161
Lecturer_16162,16162
Lecturer_16163,16163
Lecturer_16164,16164
Lecturer_16165,16165
Lecturer_16166,16166
Lecturer_16167,16167
Lecturer_16168,16168
Lecturer_16169,16169
Lecturer_16170,16170
Lecturer_16171,16171
Lecturer_16172,16172
Lecturer_16173,16173
Lecturer_16174,16174
Lecturer_16175,16175
Lecturer_16176,16176
Lecturer_16177,16177
Lecturer_16178,16178
Lecturer_16179,16179
Lecturer_16180,16180
Lecturer_16181,16181
Lecturer_16182,16182
Lecturer_16183,16183
Lecturer_16184,16184
Lecturer_16185,16185
Lecturer_16186,16186
Lecturer_16187,16187
Lecturer_16188,16188
Lecturer_16189,16189
Lecturer_16190,16190
Lecturer_16191,16191
Lecturer_16192,16192
Lecturer_16193,16193
Lecturer_16194,16194
Lecturer_16195,16195
Lecturer_16196,16196
Lecturer_16197,16197
Lecturer_16198,16198
Lecturer_16199,16199
Lecturer_16200,16200
Lecturer_16201,16201
Lecturer_16202,16202
Lecturer_16203,16203
Lecturer_16204,16204
Lecturer_16205,16205
Lecturer_16206,16206
Lecturer_16207,16207
Lecturer_16208,16208
Lecturer_16209,16209
Lecturer_16210,16210
Lecturer_16211,16211
Lecturer_16212,16212
Lecturer_16213,16213
Lecturer_16214,16214
Lecturer_16215,16215
Lecturer_16216,16216
Lecturer_16217,16217
Lecturer_16218,16218
Lecturer_16219,16219
Lecturer_16220,16220
Lecturer_16221,16221
Lecturer_16222,16222
Lecturer_16223,16223
Lecturer_16224,16224
Lecturer_16225,16225
Lecturer_16226,16226
Lecturer_16227,16227
Lecturer_16228,16228
Lecturer_16229,16229
Lecturer_16230,16230
Lecturer_16231,16231
Lecturer_16232,16232
Lecturer_16233,16233
Lecturer_16234,16234
Lecturer_16235,16235
Lecturer_16236,16236
Lecturer_16237,16237
Lecturer_16238,16238
Lecturer_16239,16239
Lecturer_16240,16240
Lecturer_16241,16241
Lecturer_16242,16242
Lecturer_16243,16243
Lecturer_16244,16244
Lecturer_16245,16245
Lecturer_16246,16246
Lecturer_16247,16247
Lecturer_16248,16248
Lecturer_16249,16249
Lecturer_16250,16250
Lecturer_16251,16251
Lecturer_16252,16252
Lecturer_16253,16253
Lecturer_16254,16254
Lecturer_16255,16255
Lecturer_16256,16256
Lecturer_16257,16257
Lecturer_16258,16258
Lecturer_16259,16259
Lecturer_16260,16260
Lecturer_16261,16261
Lecturer_16262,16262
Lecturer_16263,16263
Lecturer_16264,16264
Lecturer_16265,16265
Lecturer_16266,16266
Lecturer_16267,16267
Lecturer_16268,16268
Lecturer_16269,16269
Lecturer_16270,16270
Lecturer_16271,16271
Lecturer_16272,16272
Lecturer_16273,16273
Lecturer_16274,16274
Lecturer_16275,16275
Lecturer_16276,16276
Lecturer_16277,16277
Lecturer_16278,16278
Lecturer_16279,16279
Lecturer_16280,16280
Lecturer_16281,16281
Lecturer_16282,16282
Lecturer_16283,16283
Lecturer_16284,16284
Lecturer_16285,16285
Lecturer_16286,16286
Lecturer_16287,16287
Lecturer_16288,16288
Lecturer_16289,16289
Lecturer_16290,16290
Lecturer_16291,16291
Lecturer_16292,16292
Lecturer_16293,16293
Lecturer_16294,16294
Lecturer_16295,16295
Lecturer_16296,16296
Lecturer_16297,16297
Lecturer_16298,16298
Lecturer_16299,16299
Lecturer_16300,16300
Lecturer_16301,16301
Lecturer_16302,16302
Lecturer_16303,16303
Lecturer_16304,16304
Lecturer_16305,16305
Lecturer_16306,16306
Lecturer_16307,16307
Lecturer_16308,16308
Lecturer_16309,16309
Lecturer_16310,16310
Lecturer_16311,16311
Lecturer_16312,16312
Lecturer_16313,16313
Lecturer_16314,16314
Lecturer_16315,16315
Lecturer_16316,16316
Lecturer_16317,16317
Lecturer_16318,16318
Lecturer_16319,16319
Lecturer_16320,16320
Lecturer_16321,16321
Lecturer_16322,16322
Lecturer_16323,16323
Lecturer_16324,16324
Lecturer_16325,16325
Lecturer_16326,16326
Lecturer_16327,16327
Lecturer_16328,16328
Lecturer_16329,16329
Lecturer_16330,16330
Lecturer_16331,16331
Lecturer_16332,16332
Lecturer_16333,16333
Lecturer_16334,16334
Lecturer_16335,16335
Lecturer_16336,16336
Lecturer_16337,16337
Lecturer_16338,16338
Lecturer_16339,16339
Lecturer_16340,16340
Lecturer_16341,16341
Lecturer_16342,16342
Lecturer_16343,16343
Lecturer_16344,16344
Lecturer_16345,16345
Lecturer_16346,16346
Lecturer_16347,16347
Lecturer_16348,16348
Lecturer_16349,16349
Lecturer_16350,16350
Lecturer_16351,16351
Lecturer_16352,16352
Lecturer_16353,16353
Lecturer_16354,16354
Lecturer_16355,16355
Lecturer_16356,16356
Lecturer_16357,16357
Lecturer_16358,16358
Lecturer_16359,16359
Lecturer_16360,16360
Lecturer_16361,16361
Lecturer_16362,16362
Lecturer_16363,16363
Lecturer_16364,16364
Lecturer_16365,16365
Lecturer_16366,16366
Lecturer_16367,16367
Lecturer_16368,16368
Lecturer_16369,16369
Lecturer_16370,16370
Lecturer_16371,16371
Lecturer_16372,16372
Lecturer_16373,16373
Lecturer_16374,16374
Lecturer_16375,16375
Lecturer_16376,16376
Lecturer_16377,16377
Lecturer_16378,16378
Lecturer_16379,16379
Lecturer_16380,16380
Lecturer_16381,16381
Lecturer_16382,16382
Lecturer_16383,16383
Lecturer_16384,16384
Lecturer_16385,16385
Lecturer_16386,16386
Lecturer_16387,16387
Lecturer_16388,16388
Lecturer_16389,16389
Lecturer_16390,16390
Lecturer_16391,16391
Lecturer_16392,16392
Lecturer_16393,16393
Lecturer_16394,16394
Lecturer_16395,16395
Lecturer_16396,16396
Lecturer_16397,16397
Lecturer_16398,16398
Lecturer_16399,16399
Lecturer_16400,16400
Lecturer_16401,16401
Lecturer_16402,16402
Lecturer_16403,16403
Lecturer_16404,16404
Lecturer_16405,16405
Lecturer_16406,16406
Lecturer_16407,16407
Lecturer_16408,16408
Lecturer_16409,16409
Lecturer_16410,16410
Lecturer_16411,16411
Lecturer_16412,16412
Lecturer_16413,16413
Lecturer_16414,16414
Lecturer_16415,16415
Lecturer_16416,16416
Lecturer_16417,16417
Lecturer_16418,16418
Lecturer_16419,16419
Lecturer_16420,16420
Lecturer_16421,16421
Lecturer_16422,16422
Lecturer_16423,16423
Lecturer_16424,16424
Lecturer_16425,16425
Lecturer_16426,16426
Lecturer_16427,16427
Lecturer_16428,16428
Lecturer_16429,16429
Lecturer_16430,16430
Lecturer_16431,16431
Lecturer_16432,16432
Lecturer_16433,16433
Lecturer_16434,16434
Lecturer_16435,16435
Lecturer_16436,16436
Lecturer_16437,16437
Lecturer_16438,16438
Lecturer_16439,16439
Lecturer_16440,16440
Lecturer_16441,16441
Lecturer_16442,16442
Lecturer_16443,16443
Lecturer_16444,16444
Lecturer_16445,16445
Lecturer_16446,16446
Lecturer_16447,16447
Lecturer_16448,16448
Lecturer_16449,16449
Lecturer_16450,16450
Lecturer_16451,16451
Lecturer_16452,16452
Lecturer_16453,16453
Lecturer_16454,16454
Lecturer_16455,16455
Lecturer_16456,16456
Lecturer_16457,16457
Lecturer_16458,16458
Lecturer_16459,16459
Lecturer_16460,16460
Lecturer_16461,16461
Lecturer_16462,16462
Lecturer_16463,16463
Lecturer_16464,16464
Lecturer_16465,16465
Lecturer_16466,16466
Lecturer_16467,16467
Lecturer_16468,16468
Lecturer_16469,16469
Lecturer_16470,16470
Lecturer_16471,16471
Lecturer_16472,16472
Lecturer_16473,16473
Lecturer_16474,16474
Lecturer_16475,16475
Lecturer_16476,16476
Lecturer_16477,16477
Lecturer_16478,16478
Lecturer_16479,16479
Lecturer_16480,16480
Lecturer_16481,16481
Lecturer_16482,16482
Lecturer_16483,16483
Lecturer_16484,16484
Lecturer_16485,16485
Lecturer_16486,16486
Lecturer_16487,16487
Lecturer_16488,16488
Lecturer_16489,16489
Lecturer_16490,16490
Lecturer_16491,16491
Lecturer_16492,16492
Lecturer_16493,16493
Lecturer_16494,16494
Lecturer_16495,16495
Lecturer_16496,16496
Lecturer_16497,16497
Lecturer_16498,16498
Lecturer_16499,16499
Lecturer_16500,16500
Lecturer_16501,16501
Lecturer_16502,16502
Lecturer_16503,16503
Lecturer_16504,16504
Lecturer_16505,16505
Lecturer_16506,16506
Lecturer_16507,16507
Lecturer_16508,16508
Lecturer_16509,16509
Lecturer_16510,16510
Lecturer_16511,16511
Lecturer_16512,16512
Lecturer_16513,16513
Lecturer_16514,16514
Lecturer_16515,16515
Lecturer_16516,16516
Lecturer_16517,16517
Lecturer_16518,16518
Lecturer_16519,16519
Lecturer_16520,16520
Lecturer_16521,16521
Lecturer_16522,16522
Lecturer_16523,16523
Lecturer_16524,16524
Lecturer_16525,16525
Lecturer_16526,16526
Lecturer_16527,16527
Lecturer_16528,16528
Lecturer_16529,16529
Lecturer_16530,16530
Lecturer_16531,16531
Lecturer_16532,16532
Lecturer_16533,16533
Lecturer_16534,16534
Lecturer_16535,16535
Lecturer_16536,16536
Lecturer_16537,16537
Lecturer_16538,16538
Lecturer_16539,16539
Lecturer_16540,16540
Lecturer_16541,16541
Lecturer_16542,16542
Lecturer_16543,16543
Lecturer_16544,16544
Lecturer_16545,16545
Lecturer_16546,16546
Lecturer_16547,16547
Lecturer_16548,16548
Lecturer_16549,16549
Lecturer_16550,16550
Lecturer_16551,16551
Lecturer_16552,16552
Lecturer_16553,16553
Lecturer_16554,16554
Lecturer_16555,16555
Lecturer_16556,16556
Lecturer_16557,16557
Lecturer_16558,16558
Lecturer_16559,16559
Lecturer_16560,16560
Lecturer_16561,16561
Lecturer_16562,16562
Lecturer_16563,16563
Lecturer_16564,16564
Lecturer_16565,16565
Lecturer_16566,16566
Lecturer_16567,16567
Lecturer_16568,16568
Lecturer_16569,16569
Lecturer_16570,16570
Lecturer_16571,16571
Lecturer_16572,16572
Lecturer_16573,16573
Lecturer_16574,16574
Lecturer_16575,16575
Lecturer_16576,16576
Lecturer_16577,16577
Lecturer_16578,16578
Lecturer_16579,16579
Lecturer_16580,16580
Lecturer_16581,16581
Lecturer_16582,16582
Lecturer_16583,16583
Lecturer_16584,16584
Lecturer_16585,16585
Lecturer_16586,16586
Lecturer_16587,16587
Lecturer_16588,16588
Lecturer_16589,16589
Lecturer_16590,16590
Lecturer_16591,16591
Lecturer_16592,16592
Lecturer_16593,16593
Lecturer_16594,16594
Lecturer_16595,16595
Lecturer_16596,16596
Lecturer_16597,16597
Lecturer_16598,16598
Lecturer_16599,16599
Lecturer_16600,16600
Lecturer_16601,16601
Lecturer_16602,16602
Lecturer_16603,16603
Lecturer_16604,16604
Lecturer_16605,16605
Lecturer_16606,16606
Lecturer_16607,16607
Lecturer_16608,16608
Lecturer_16609,16609
Lecturer_16610,16610
Lecturer_16611,16611
Lecturer_16612,16612
Lecturer_16613,16613
Lecturer_16614,16614
Lecturer_16615,16615
Lecturer_16616,16616
Lecturer_16617,16617
Lecturer_16618,16618
Lecturer_16619,16619
Lecturer_16620,16620
Lecturer_16621,16621
Lecturer_16622,16622
Lecturer_16623,16623
Lecturer_16624,16624
Lecturer_16625,16625
Lecturer_16626,16626
Lecturer_16627,16627
Lecturer_16628,16628
Lecturer_16629,16629
Lecturer_16630,16630
Lecturer_16631,16631
Lecturer_16632,16632
Lecturer_16633,16633
Lecturer_16634,16634
Lecturer_16635,16635
Lecturer_16636,16636
Lecturer_16637,16637
Lecturer_16638,16638
Lecturer_16639,16639
Lecturer_16640,16640
Lecturer_16641,16641
Lecturer_16642,16642
Lecturer_16643,16643
Lecturer_16644,16644
Lecturer_16645,16645
Lecturer_16646,16646
Lecturer_16647,16647
Lecturer_16648,16648
Lecturer_16649,16649
Lecturer_16650,16650
Lecturer_16651,16651
Lecturer_16652,16652
Lecturer_16653,16653
Lecturer_16654,16654
Lecturer_16655,16655
Lecturer_16656,16656
Lecturer_16657,16657
Lecturer_16658,16658
Lecturer_16659,16659
Lecturer_16660,16660
Lecturer_16661,16661
Lecturer_16662,16662
Lecturer_16663,16663
Lecturer_16664,16664
Lecturer_16665,16665
Lecturer_16666,16666
Lecturer_16667,16667
Lecturer_16668,16668
Lecturer_16669,16669
Lecturer_16670,16670
Lecturer_16671,16671
Lecturer_16672,16672
Lecturer_16673,16673
Lecturer_16674,16674
Lecturer_16675,16675
Lecturer_16676,16676
Lecturer_16677,16677
Lecturer_16678,16678
Lecturer_16679,16679
Lecturer_16680,16680
Lecturer_16681,16681
Lecturer_16682,16682
Lecturer_16683,16683
Lecturer_16684,16684
Lecturer_16685,16685
Lecturer_16686,16686
Lecturer_16687,16687
Lecturer_16688,16688
Lecturer_16689,16689
Lecturer_16690,16690
Lecturer_16691,16691
Lecturer_16692,16692
Lecturer_16693,16693
Lecturer_16694,16694
Lecturer_16695,16695
Lecturer_16696,16696
Lecturer_16697,16697
Lecturer_16698,16698
Lecturer_16699,16699
Lecturer_16700,16700
Lecturer_16701,16701
Lecturer_16702,16702
Lecturer_16703,16703
Lecturer_16704,16704
Lecturer_16705,16705
Lecturer_16706,16706
Lecturer_16707,16707
Lecturer_16708,16708
Lecturer_16709,16709
Lecturer_16710,16710
Lecturer_16711,16711
Lecturer_16712,16712
Lecturer_16713,16713
Lecturer_16714,16714
Lecturer_16715,16715
Lecturer_16716,16716
Lecturer_16717,16717
Lecturer_16718,16718
Lecturer_16719,16719
Lecturer_16720,16720
Lecturer_16721,16721
Lecturer_16722,16722
Lecturer_16723,16723
Lecturer_16724,16724
Lecturer_16725,16725
Lecturer_16726,16726
Lecturer_16727,16727
Lecturer_16728,16728
Lecturer_16729,16729
Lecturer_16730,16730
Lecturer_16731,16731
Lecturer_16732,16732
Lecturer_16733,16733
Lecturer_16734,16734
Lecturer_16735,16735
Lecturer_16736,16736
Lecturer_16737,16737
Lecturer_16738,16738
Lecturer_16739,16739
Lecturer_16740,16740
Lecturer_16741,16741
Lecturer_16742,16742
Lecturer_16743,16743
Lecturer_16744,16744
Lecturer_16745,16745
Lecturer_16746,16746
Lecturer_16747,16747
Lecturer_16748,16748
Lecturer_16749,16749
Lecturer_16750,16750
Lecturer_16751,16751
Lecturer_16752,16752
Lecturer_16753,16753
Lecturer_16754,16754
Lecturer_16755,16755
Lecturer_16756,16756
Lecturer_16757,16757
Lecturer_16758,16758
Lecturer_16759,16759
Lecturer_16760,16760
Lecturer_16761,16761
Lecturer_16762,16762
Lecturer_16763,16763
Lecturer_16764,16764
Lecturer_16765,16765
Lecturer_16766,16766
Lecturer_16767,16767
Lecturer_16768,16768
Lecturer_16769,16769
Lecturer_16770,16770
Lecturer_16771,16771
Lecturer_16772,16772
Lecturer_16773,16773
Lecturer_16774,16774
Lecturer_16775,16775
Lecturer_16776,16776
Lecturer_16777,16777
Lecturer_16778,16778
Lecturer_16779,16779
Lecturer_16780,16780
Lecturer_16781,16781
Lecturer_16782,16782
Lecturer_16783,16783
Lecturer_16784,16784
Lecturer_16785,16785
Lecturer_16786,16786
Lecturer_16787,16787
Lecturer_16788,16788
Lecturer_16789,16789
Lecturer_16790,16790
Lecturer_16791,16791
Lecturer_16792,16792
Lecturer_16793,16793
Lecturer_16794,16794
Lecturer_16795,16795
Lecturer_16796,16796
Lecturer_16797,16797
Lecturer_16798,16798
Lecturer_16799,16799
Lecturer_16800,16800
Lecturer_16801,16801
Lecturer_16802,16802
Lecturer_16803,16803
Lecturer_16804,16804
Lecturer_16805,16805
Lecturer_16806,16806
Lecturer_16807,16807
Lecturer_16808,16808
Lecturer_16809,16809
Lecturer_16810,16810
Lecturer_16811,16811
Lecturer_16812,16812
Lecturer_16813,16813
Lecturer_16814,16814
Lecturer_16815,16815
Lecturer_16816,16816
Lecturer_16817,16817
Lecturer_16818,16818
Lecturer_16819,16819
Lecturer_16820,16820
Lecturer_16821,16821
Lecturer_16822,16822
Lecturer_16823,16823
Lecturer_16824,16824
Lecturer_16825,16825
Lecturer_16826,16826
Lecturer_16827,16827
Lecturer_16828,16828
Lecturer_16829,16829
Lecturer_16830,16830
Lecturer_16831,16831
Lecturer_16832,16832
Lecturer_16833,16833
Lecturer_16834,16834
Lecturer_16835,16835
Lecturer_16836,16836
Lecturer_16837,16837
Lecturer_16838,16838
Lecturer_16839,16839
Lecturer_16840,16840
Lecturer_16841,16841
Lecturer_16842,16842
Lecturer_16843,16843
Lecturer_16844,16844
Lecturer_16845,16845
Lecturer_16846,16846
Lecturer_16847,16847
Lecturer_16848,16848
Lecturer_16849,16849
Lecturer_16850,16850
Lecturer_16851,16851
Lecturer_16852,16852
Lecturer_16853,16853
Lecturer_16854,16854
Lecturer_16855,16855
Lecturer_16856,16856
Lecturer_16857,16857
Lecturer_16858,16858
Lecturer_16859,16859
Lecturer_16860,16860
Lecturer_16861,16861
Lecturer_16862,16862
Lecturer_16863,16863
Lecturer_16864,16864
Lecturer_16865,16865
Lecturer_16866,16866
Lecturer_16867,16867
Lecturer_16868,16868
Lecturer_16869,16869
Lecturer_16870,16870
Lecturer_16871,16871
Lecturer_16872,16872
Lecturer_16873,16873
Lecturer_16874,16874
Lecturer_16875,16875
Lecturer_16876,16876
Lecturer_16877,16877
Lecturer_16878,16878
Lecturer_16879,16879
Lecturer_16880,16880
Lecturer_16881,16881
Lecturer_16882,16882
Lecturer_16883,16883
Lecturer_16884,16884
Lecturer_16885,16885
Lecturer_16886,16886
Lecturer_16887,16887
Lecturer_16888,16888
Lecturer_16889,16889
Lecturer_16890,16890
Lecturer_16891,16891
Lecturer_16892,16892
Lecturer_16893,16893
Lecturer_16894,16894
Lecturer_16895,16895
Lecturer_16896,16896
Lecturer_16897,16897
Lecturer_16898,16898
Lecturer_16899,16899
Lecturer_16900,16900
Lecturer_16901,16901
Lecturer_16902,16902
Lecturer_16903,16903
Lecturer_16904,16904
Lecturer_16905,16905
Lecturer_16906,16906
Lecturer_16907,16907
Lecturer_16908,16908
Lecturer_16909,16909
Lecturer_16910,16910
Lecturer_16911,16911
Lecturer_16912,16912
Lecturer_16913,16913
Lecturer_16914,16914
Lecturer_16915,16915
Lecturer_16916,16916
Lecturer_16917,16917
Lecturer_16918,16918
Lecturer_16919,16919
Lecturer_16920,16920
Lecturer_16921,16921
Lecturer_16922,16922
Lecturer_16923,16923
Lecturer_16924,16924
Lecturer_16925,16925
Lecturer_16926,16926
Lecturer_16927,16927
Lecturer_16928,16928
Lecturer_16929,16929
Lecturer_16930,16930
Lecturer_16931,16931
Lecturer_16932,16932
Lecturer_16933,16933
Lecturer_16934,16934
Lecturer_16935,16935
Lecturer_16936,16936
Lecturer_16937,16937
Lecturer_16938,16938
Lecturer_16939,16939
Lecturer_16940,16940
Lecturer_16941,16941
Lecturer_16942,16942
Lecturer_16943,16943
Lecturer_16944,16944
Lecturer_16945,16945
Lecturer_16946,16946
Lecturer_16947,16947
Lecturer_16948,16948
Lecturer_16949,16949
Lecturer_16950,16950
Lecturer_16951,16951
Lecturer_16952,16952
Lecturer_16953,16953
Lecturer_16954,16954
Lecturer_16955,16955
Lecturer_16956,16956
Lecturer_16957,16957
Lecturer_16958,16958
Lecturer_16959,16959
Lecturer_16960,16960
Lecturer_16961,16961
Lecturer_16962,16962
Lecturer_16963,16963
Lecturer_16964,16964
Lecturer_16965,16965
Lecturer_16966,16966
Lecturer_16967,16967
Lecturer_16968,16968
Lecturer_16969,16969
Lecturer_16970,16970
Lecturer_16971,16971
Lecturer_16972,16972
Lecturer_16973,16973
Lecturer_16974,16974
Lecturer_16975,16975
Lecturer_16976,16976
Lecturer_16977,16977
Lecturer_16978,16978
Lecturer_16979,16979
Lecturer_16980,16980
Lecturer_16981,16981
Lecturer_16982,16982
Lecturer_16983,16983
Lecturer_16984,16984
Lecturer_16985,16985
Lecturer_16986,16986
Lecturer_16987,16987
Lecturer_16988,16988
Lecturer_16989,16989
Lecturer_16990,16990
Lecturer_16991,16991
Lecturer_16992,16992
Lecturer_16993,16993
Lecturer_16994,16994
Lecturer_16995,16995
Lecturer_16996,16996
Lecturer_16997,16997
Lecturer_16998,16998
Lecturer_16999,16999
Lecturer_17000,17000
Lecturer_17001,17001
Lecturer_17002,17002
Lecturer_17003,17003
Lecturer_17004,17004
Lecturer_17005,17005
Lecturer_17006,17006
Lecturer_17007,17007
Lecturer_17008,17008
Lecturer_17009,17009
Lecturer_17010,17010
Lecturer_17011,17011
Lecturer_17012,17012
Lecturer_17013,17013
Lecturer_17014,17014
Lecturer_17015,17015
Lecturer_17016,17016
Lecturer_17017,17017
Lecturer_17018,17018
Lecturer_17019,17019
Lecturer_17020,17020
Lecturer_17021,17021
Lecturer_17022,17022
Lecturer_17023,17023
Lecturer_17024,17024
Lecturer_17025,17025
Lecturer_17026,17026
Lecturer_17027,17027
Lecturer_17028,17028
Lecturer_17029,17029
Lecturer_17030,17030
Lecturer_17031,17031
Lecturer_17032,17032
Lecturer_17033,17033
Lecturer_17034,17034
Lecturer_17035,17035
Lecturer_17036,17036
Lecturer_17037,17037
Lecturer_17038,17038
Lecturer_17039,17039
Lecturer_17040,17040
Lecturer_17041,17041
Lecturer_17042,17042
Lecturer_17043,17043
Lecturer_17044,17044
Lecturer_17045,17045
Lecturer_17046,17046
Lecturer_17047,17047
Lecturer_17048,17048
Lecturer_17049,17049
Lecturer_17050,17050
Lecturer_17051,17051
Lecturer_17052,17052
Lecturer_17053,17053
Lecturer_17054,17054
Lecturer_17055,17055
Lecturer_17056,17056
Lecturer_17057,17057
Lecturer_17058,17058
Lecturer_17059,17059
Lecturer_17060,17060
Lecturer_17061,17061
Lecturer_17062,17062
Lecturer_17063,17063
Lecturer_17064,17064
Lecturer_17065,17065
Lecturer_17066,17066
Lecturer_17067,17067
Lecturer_17068,17068
Lecturer_17069,17069
Lecturer_17070,17070
Lecturer_17071,17071
Lecturer_17072,17072
Lecturer_17073,17073
Lecturer_17074,17074
Lecturer_17075,17075
Lecturer_17076,17076
Lecturer_17077,17077
Lecturer_17078,17078
Lecturer_17079,17079
Lecturer_17080,17080
Lecturer_17081,17081
Lecturer_17082,17082
Lecturer_17083,17083
Lecturer_17084,17084
Lecturer_17085,17085
Lecturer_17086,17086
Lecturer_17087,17087
Lecturer_17088,17088
Lecturer_17089,17089
Lecturer_17090,17090
Lecturer_17091,17091
Lecturer_17092,17092
Lecturer_17093,17093
Lecturer_17094,17094
Lecturer_17095,17095
Lecturer_17096,17096
Lecturer_17097,17097
Lecturer_17098,17098
Lecturer_17099,17099
Lecturer_17100,17100
Lecturer_17101,17101
Lecturer_17102,17102
Lecturer_17103,17103
Lecturer_17104,17104
Lecturer_17105,17105
Lecturer_17106,17106
Lecturer_17107,17107
Lecturer_17108,17108
Lecturer_17109,17109
Lecturer_17110,17110
Lecturer_17111,17111
Lecturer_17112,17112
Lecturer_17113,17113
Lecturer_17114,17114
Lecturer_17115,17115
Lecturer_17116,17116
Lecturer_17117,17117
Lecturer_17118,17118
Lecturer_17119,17119
Lecturer_17120,17120
Lecturer_17121,17121
Lecturer_17122,17122
Lecturer_17123,17123
Lecturer_17124,17124
Lecturer_17125,17125
Lecturer_17126,17126
Lecturer_17127,17127
Lecturer_17128,17128
Lecturer_17129,17129
Lecturer_17130,17130
Lecturer_17131,17131
Lecturer_17132,17132
Lecturer_17133,17133
Lecturer_17134,17134
Lecturer_17135,17135
Lecturer_17136,17136
Lecturer_17137,17137
Lecturer_17138,17138
Lecturer_17139,17139
Lecturer_17140,17140
Lecturer_17141,17141
Lecturer_17142,17142
Lecturer_17143,17143
Lecturer_17144,17144
Lecturer_17145,17145
Lecturer_17146,17146
Lecturer_17147,17147
Lecturer_17148,17148
Lecturer_17149,17149
Lecturer_17150,17150
Lecturer_17151,17151
Lecturer_17152,17152
Lecturer_17153,17153
Lecturer_17154,17154
Lecturer_17155,17155
Lecturer_17156,17156
Lecturer_17157,17157
Lecturer_17158,17158
Lecturer_17159,17159
Lecturer_17160,17160
Lecturer_17161,17161
Lecturer_17162,17162
Lecturer_17163,17163
Lecturer_17164,17164
Lecturer_17165,17165
Lecturer_17166,17166
Lecturer_17167,17167
Lecturer_17168,17168
Lecturer_17169,17169
Lecturer_17170,17170
Lecturer_17171,17171
Lecturer_17172,17172
Lecturer_17173,17173
Lecturer_17174,17174
Lecturer_17175,17175
Lecturer_17176,17176
Lecturer_17177,17177
Lecturer_17178,17178
Lecturer_17179,17179
Lecturer_17180,17180
Lecturer_17181,17181
Lecturer_17182,17182
Lecturer_17183,17183
Lecturer_17184,17184
Lecturer_17185,17185
Lecturer_17186,17186
Lecturer_17187,17187
Lecturer_17188,17188
Lecturer_17189,17189
Lecturer_17190,17190
Lecturer_17191,17191
Lecturer_17192,17192
Lecturer_17193,17193
Lecturer_17194,17194
Lecturer_17195,17195
Lecturer_17196,17196
Lecturer_17197,17197
Lecturer_17198,17198
Lecturer_17199,17199
Lecturer_17200,17200
Lecturer_17201,17201
Lecturer_17202,17202
Lecturer_17203,17203
Lecturer_17204,17204
Lecturer_17205,17205
Lecturer_17206,17206
Lecturer_17207,17207
Lecturer_17208,17208
Lecturer_17209,17209
Lecturer_17210,17210
Lecturer_17211,17211
Lecturer_17212,17212
Lecturer_17213,17213
Lecturer_17214,17214
Lecturer_17215,17215
Lecturer_17216,17216
Lecturer_17217,17217
Lecturer_17218,17218
Lecturer_17219,17219
Lecturer_17220,17220
Lecturer_17221,17221
Lecturer_17222,17222
Lecturer_17223,17223
Lecturer_17224,17224
Lecturer_17225,17225
Lecturer_17226,17226
Lecturer_17227,17227
Lecturer_17228,17228
Lecturer_17229,17229
Lecturer_17230,17230
Lecturer_17231,17231
Lecturer_17232,17232
Lecturer_17233,17233
Lecturer_17234,17234
Lecturer_17235,17235
Lecturer_17236,17236
Lecturer_17237,17237
Lecturer_17238,17238
Lecturer_17239,17239
Lecturer_17240,17240
Lecturer_17241,17241
Lecturer_17242,17242
Lecturer_17243,17243
Lecturer_17244,17244
Lecturer_17245,17245
Lecturer_17246,17246
Lecturer_17247,17247
Lecturer_17248,17248
Lecturer_17249,17249
Lecturer_17250,17250
Lecturer_17251,17251
Lecturer_17252,17252
Lecturer_17253,17253
Lecturer_17254,17254
Lecturer_17255,17255
Lecturer_17256,17256
Lecturer_17257,17257
Lecturer_17258,17258
Lecturer_17259,17259
Lecturer_17260,17260
Lecturer_17261,17261
Lecturer_17262,17262
Lecturer_17263,17263
Lecturer_17264,17264
Lecturer_17265,17265
Lecturer_17266,17266
Lecturer_17267,17267
Lecturer_17268,17268
Lecturer_17269,17269
Lecturer_17270,17270
Lecturer_17271,17271
Lecturer_17272,17272
Lecturer_17273,17273
Lecturer_17274,17274
Lecturer_17275,17275
Lecturer_17276,17276
Lecturer_17277,17277
Lecturer_17278,17278
Lecturer_17279,17279
Lecturer_17280,17280
Lecturer_17281,17281
Lecturer_17282,17282
Lecturer_17283,17283
Lecturer_17284,17284
Lecturer_17285,17285
Lecturer_17286,17286
Lecturer_17287,17287
Lecturer_17288,17288
Lecturer_17289,17289
Lecturer_17290,17290
Lecturer_17291,17291
Lecturer_17292,17292
Lecturer_17293,17293
Lecturer_17294,17294
Lecturer_17295,17295
Lecturer_17296,17296
Lecturer_17297,17297
Lecturer_17298,17298
Lecturer_17299,17299
Lecturer_17300,17300
Lecturer_17301,17301
Lecturer_17302,17302
Lecturer_17303,17303
Lecturer_17304,17304
Lecturer_17305,17305
Lecturer_17306,17306
Lecturer_17307,17307
Lecturer_17308,17308
Lecturer_17309,17309
Lecturer_17310,17310
Lecturer_17311,17311
Lecturer_17312,17312
Lecturer_17313,17313
Lecturer_17314,17314
Lecturer_17315,17315
Lecturer_17316,17316
Lecturer_17317,17317
Lecturer_17318,17318
Lecturer_17319,17319
Lecturer_17320,17320
Lecturer_17321,17321
Lecturer_17322,17322
Lecturer_17323,17323
Lecturer_17324,17324
Lecturer_17325,17325
Lecturer_17326,17326
Lecturer_17327,17327
Lecturer_17328,17328
Lecturer_17329,17329
Lecturer_17330,17330
Lecturer_17331,17331
Lecturer_17332,17332
Lecturer_17333,17333
Lecturer_17334,17334
Lecturer_17335,17335
Lecturer_17336,17336
Lecturer_17337,17337
Lecturer_17338,17338
Lecturer_17339,17339
Lecturer_17340,17340
Lecturer_17341,17341
Lecturer_17342,17342
Lecturer_17343,17343
Lecturer_17344,17344
Lecturer_17345,17345
Lecturer_17346,17346
Lecturer_17347,17347
Lecturer_17348,17348
Lecturer_17349,17349
Lecturer_17350,17350
Lecturer_17351,17351
Lecturer_17352,17352
Lecturer_17353,17353
Lecturer_17354,17354
Lecturer_17355,17355
Lecturer_17356,17356
Lecturer_17357,17357
Lecturer_17358,17358
Lecturer_17359,17359
Lecturer_17360,17360
Lecturer_17361,17361
Lecturer_17362,17362
Lecturer_17363,17363
Lecturer_17364,17364
Lecturer_17365,17365
Lecturer_17366,17366
Lecturer_17367,17367
Lecturer_17368,17368
Lecturer_17369,17369
Lecturer_17370,17370
Lecturer_17371,17371
Lecturer_17372,17372
Lecturer_17373,17373
Lecturer_17374,17374
Lecturer_17375,17375
Lecturer_17376,17376
Lecturer_17377,17377
Lecturer_17378,17378
Lecturer_17379,17379
Lecturer_17380,17380
Lecturer_17381,17381
Lecturer_17382,17382
Lecturer_17383,17383
Lecturer_17384,17384
Lecturer_17385,17385
Lecturer_17386,17386
Lecturer_17387,17387
Lecturer_17388,17388
Lecturer_17389,17389
Lecturer_17390,17390
Lecturer_17391,17391
Lecturer_17392,17392
Lecturer_17393,17393
Lecturer_17394,17394
Lecturer_17395,17395
Lecturer_17396,17396
Lecturer_17397,17397
Lecturer_17398,17398
Lecturer_17399,17399
Lecturer_17400,17400
Lecturer_17401,17401
Lecturer_17402,17402
Lecturer_17403,17403
Lecturer_17404,17404
Lecturer_17405,17405
Lecturer_17406,17406
Lecturer_17407,17407
Lecturer_17408,17408
Lecturer_17409,17409
Lecturer_17410,17410
Lecturer_17411,17411
Lecturer_17412,17412
Lecturer_17413,17413
Lecturer_17414,17414
Lecturer_17415,17415
Lecturer_17416,17416
Lecturer_17417,17417
Lecturer_17418,17418
Lecturer_17419,17419
Lecturer_17420,17420
Lecturer_17421,17421
Lecturer_17422,17422
Lecturer_17423,17423
Lecturer_17424,17424
Lecturer_17425,17425
Lecturer_17426,17426
Lecturer_17427,17427
Lecturer_17428,17428
Lecturer_17429,17429
Lecturer_17430,17430
Lecturer_17431,17431
Lecturer_17432,17432
Lecturer_17433,17433
Lecturer_17434,17434
Lecturer_17435,17435
Lecturer_17436,17436
Lecturer_17437,17437
Lecturer_17438,17438
Lecturer_17439,17439
Lecturer_17440,17440
Lecturer_17441,17441
Lecturer_17442,17442
Lecturer_17443,17443
Lecturer_17444,17444
Lecturer_17445,17445
Lecturer_17446,17446
Lecturer_17447,17447
Lecturer_17448,17448
Lecturer_17449,17449
Lecturer_17450,17450
Lecturer_17451,17451
Lecturer_17452,17452
Lecturer_17453,17453
Lecturer_17454,17454
Lecturer_17455,17455
Lecturer_17456,17456
Lecturer_17457,17457
Lecturer_17458,17458
Lecturer_17459,17459
Lecturer_17460,17460
Lecturer_17461,17461
Lecturer_17462,17462
Lecturer_17463,17463
Lecturer_17464,17464
Lecturer_17465,17465
Lecturer_17466,17466
Lecturer_17467,17467
Lecturer_17468,17468
Lecturer_17469,17469
Lecturer_17470,17470
Lecturer_17471,17471
Lecturer_17472,17472
Lecturer_17473,17473
Lecturer_17474,17474
Lecturer_17475,17475
Lecturer_17476,17476
Lecturer_17477,17477
Lecturer_17478,17478
Lecturer_17479,17479
Lecturer_17480,17480
Lecturer_17481,17481
Lecturer_17482,17482
Lecturer_17483,17483
Lecturer_17484,17484
Lecturer_17485,17485
Lecturer_17486,17486
Lecturer_17487,17487
Lecturer_17488,17488
Lecturer_17489,17489
Lecturer_17490,17490
Lecturer_17491,17491
Lecturer_17492,17492
Lecturer_17493,17493
Lecturer_17494,17494
Lecturer_17495,17495
Lecturer_17496,17496
Lecturer_17497,17497
Lecturer_17498,17498
Lecturer_17499,17499
Lecturer_17500,17500
Lecturer_17501,17501
Lecturer_17502,17502
Lecturer_17503,17503
Lecturer_17504,17504
Lecturer_17505,17505
Lecturer_17506,17506
Lecturer_17507,17507
Lecturer_17508,17508
Lecturer_17509,17509
Lecturer_17510,17510
Lecturer_17511,17511
Lecturer_17512,17512
Lecturer_17513,17513
Lecturer_17514,17514
Lecturer_17515,17515
Lecturer_17516,17516
Lecturer_17517,17517
Lecturer_17518,17518
Lecturer_17519,17519
Lecturer_17520,17520
Lecturer_17521,17521
Lecturer_17522,17522
Lecturer_17523,17523
Lecturer_17524,17524
Lecturer_17525,17525
Lecturer_17526,17526
Lecturer_17527,17527
Lecturer_17528,17528
Lecturer_17529,17529
Lecturer_17530,17530
Lecturer_17531,17531
Lecturer_17532,17532
Lecturer_17533,17533
Lecturer_17534,17534
Lecturer_17535,17535
Lecturer_17536,17536
Lecturer_17537,17537
Lecturer_17538,17538
Lecturer_17539,17539
Lecturer_17540,17540
Lecturer_17541,17541
Lecturer_17542,17542
Lecturer_17543,17543
Lecturer_17544,17544
Lecturer_17545,17545
Lecturer_17546,17546
Lecturer_17547,17547
Lecturer_17548,17548
Lecturer_17549,17549
Lecturer_17550,17550
Lecturer_17551,17551
Lecturer_17552,17552
Lecturer_17553,17553
Lecturer_17554,17554
Lecturer_17555,17555
Lecturer_17556,17556
Lecturer_17557,17557
Lecturer_17558,17558
Lecturer_17559,17559
Lecturer_17560,17560
Lecturer_17561,17561
Lecturer_17562,17562
Lecturer_17563,17563
Lecturer_17564,17564
Lecturer_17565,17565
Lecturer_17566,17566
Lecturer_17567,17567
Lecturer_17568,17568
Lecturer_17569,17569
Lecturer_17570,17570
Lecturer_17571,17571
Lecturer_17572,17572
Lecturer_17573,17573
Lecturer_17574,17574
Lecturer_17575,17575
Lecturer_17576,17576
Lecturer_17577,17577
Lecturer_17578,17578
Lecturer_17579,17579
Lecturer_17580,17580
Lecturer_17581,17581
Lecturer_17582,17582
Lecturer_17583,17583
Lecturer_17584,17584
Lecturer_17585,17585
Lecturer_17586,17586
Lecturer_17587,17587
Lecturer_17588,17588
Lecturer_17589,17589
Lecturer_17590,17590
Lecturer_17591,17591
Lecturer_17592,17592
Lecturer_17593,17593
Lecturer_17594,17594
Lecturer_17595,17595
Lecturer_17596,17596
Lecturer_17597,17597
Lecturer_17598,17598
Lecturer_17599,17599
Lecturer_17600,17600
Lecturer_17601,17601
Lecturer_17602,17602
Lecturer_17603,17603
Lecturer_17604,17604
Lecturer_17605,17605
Lecturer_17606,17606
Lecturer_17607,17607
Lecturer_17608,17608
Lecturer_17609,17609
Lecturer_17610,17610
Lecturer_17611,17611
Lecturer_17612,17612
Lecturer_17613,17613
Lecturer_17614,17614
Lecturer_17615,17615
Lecturer_17616,17616
Lecturer_17617,17617
Lecturer_17618,17618
Lecturer_17619,17619
Lecturer_17620,17620
Lecturer_17621,17621
Lecturer_17622,17622
Lecturer_17623,17623
Lecturer_17624,17624
Lecturer_17625,17625
Lecturer_17626,17626
Lecturer_17627,17627
Lecturer_17628,17628
Lecturer_17629,17629
Lecturer_17630,17630
Lecturer_17631,17631
Lecturer_17632,17632
Lecturer_17633,17633
Lecturer_17634,17634
Lecturer_17635,17635
Lecturer_17636,17636
Lecturer_17637,17637
Lecturer_17638,17638
Lecturer_17639,17639
Lecturer_17640,17640
Lecturer_17641,17641
Lecturer_17642,17642
Lecturer_17643,17643
Lecturer_17644,17644
Lecturer_17645,17645
Lecturer_17646,17646
Lecturer_17647,17647
Lecturer_17648,17648
Lecturer_17649,17649
Lecturer_17650,17650
Lecturer_17651,17651
Lecturer_17652,17652
Lecturer_17653,17653
Lecturer_17654,17654
Lecturer_17655,17655
Lecturer_17656,17656
Lecturer_17657,17657
Lecturer_17658,17658
Lecturer_17659,17659
Lecturer_17660,17660
Lecturer_17661,17661
Lecturer_17662,17662
Lecturer_17663,17663
Lecturer_17664,17664
Lecturer_17665,17665
Lecturer_17666,17666
Lecturer_17667,17667
Lecturer_17668,17668
Lecturer_17669,17669
Lecturer_17670,17670
Lecturer_17671,17671
Lecturer_17672,17672
Lecturer_17673,17673
Lecturer_17674,17674
Lecturer_17675,17675
Lecturer_17676,17676
Lecturer_17677,17677
Lecturer_17678,17678
Lecturer_17679,17679
Lecturer_17680,17680
Lecturer_17681,17681
Lecturer_17682,17682
Lecturer_17683,17683
Lecturer_17684,17684
Lecturer_17685,17685
Lecturer_17686,17686
Lecturer_17687,17687
Lecturer_17688,17688
Lecturer_17689,17689
Lecturer_17690,17690
Lecturer_17691,17691
Lecturer_17692,17692
Lecturer_17693,17693
Lecturer_17694,17694
Lecturer_17695,17695
Lecturer_17696,17696
Lecturer_17697,17697
Lecturer_17698,17698
Lecturer_17699,17699
Lecturer_17700,17700
Lecturer_17701,17701
Lecturer_17702,17702
Lecturer_17703,17703
Lecturer_17704,17704
Lecturer_17705,17705
Lecturer_17706,17706
Lecturer_17707,17707
Lecturer_17708,17708
Lecturer_17709,17709
Lecturer_17710,17710
Lecturer_17711,17711
Lecturer_17712,17712
Lecturer_17713,17713
Lecturer_17714,17714
Lecturer_17715,17715
Lecturer_17716,17716
Lecturer_17717,17717
Lecturer_17718,17718
Lecturer_17719,17719
Lecturer_17720,17720
Lecturer_17721,17721
Lecturer_17722,17722
Lecturer_17723,17723
Lecturer_17724,17724
Lecturer_17725,17725
Lecturer_17726,17726
Lecturer_17727,17727
Lecturer_17728,17728
Lecturer_17729,17729
Lecturer_17730,17730
Lecturer_17731,17731
Lecturer_17732,17732
Lecturer_17733,17733
Lecturer_17734,17734
Lecturer_17735,17735
Lecturer_17736,17736
Lecturer_17737,17737
Lecturer_17738,17738
Lecturer_17739,17739
Lecturer_17740,17740
Lecturer_17741,17741
Lecturer_17742,17742
Lecturer_17743,17743
Lecturer_17744,17744
Lecturer_17745,17745
Lecturer_17746,17746
Lecturer_17747,17747
Lecturer_17748,17748
Lecturer_17749,17749
Lecturer_17750,17750
Lecturer_17751,17751
Lecturer_17752,17752
Lecturer_17753,17753
Lecturer_17754,17754
Lecturer_17755,17755
Lecturer_17756,17756
Lecturer_17757,17757
Lecturer_17758,17758
Lecturer_17759,17759
Lecturer_17760,17760
Lecturer_17761,17761
Lecturer_17762,17762
Lecturer_17763,17763
Lecturer_17764,17764
Lecturer_17765,17765
Lecturer_17766,17766
Lecturer_17767,17767
Lecturer_17768,17768
Lecturer_17769,17769
Lecturer_17770,17770
Lecturer_17771,17771
Lecturer_17772,17772
Lecturer_17773,17773
Lecturer_17774,17774
Lecturer_17775,17775
Lecturer_17776,17776
Lecturer_17777,17777
Lecturer_17778,17778
Lecturer_17779,17779
Lecturer_17780,17780
Lecturer_17781,17781
Lecturer_17782,17782
Lecturer_17783,17783
Lecturer_17784,17784
Lecturer_17785,17785
Lecturer_17786,17786
Lecturer_17787,17787
Lecturer_17788,17788
Lecturer_17789,17789
Lecturer_17790,17790
Lecturer_17791,17791
Lecturer_17792,17792
Lecturer_17793,17793
Lecturer_17794,17794
Lecturer_17795,17795
Lecturer_17796,17796
Lecturer_17797,17797
Lecturer_17798,17798
Lecturer_17799,17799
Lecturer_17800,17800
Lecturer_17801,17801
Lecturer_17802,17802
Lecturer_17803,17803
Lecturer_17804,17804
Lecturer_17805,17805
Lecturer_17806,17806
Lecturer_17807,17807
Lecturer_17808,17808
Lecturer_17809,17809
Lecturer_17810,17810
Lecturer_17811,17811
Lecturer_17812,17812
Lecturer_17813,17813
Lecturer_17814,17814
Lecturer_17815,17815
Lecturer_17816,17816
Lecturer_17817,17817
Lecturer_17818,17818
Lecturer_17819,17819
Lecturer_17820,17820
Lecturer_17821,17821
Lecturer_17822,17822
Lecturer_17823,17823
Lecturer_17824,17824
Lecturer_17825,17825
Lecturer_17826,17826
Lecturer_17827,17827
Lecturer_17828,17828
Lecturer_17829,17829
Lecturer_17830,17830
Lecturer_17831,17831
Lecturer_17832,17832
Lecturer_17833,17833
Lecturer_17834,17834
Lecturer_17835,17835
Lecturer_17836,17836
Lecturer_17837,17837
Lecturer_17838,17838
Lecturer_17839,17839
Lecturer_17840,17840
Lecturer_17841,17841
Lecturer_17842,17842
Lecturer_17843,17843
Lecturer_17844,17844
Lecturer_17845,17845
Lecturer_17846,17846
Lecturer_17847,17847
Lecturer_17848,17848
Lecturer_17849,17849
Lecturer_17850,17850
Lecturer_17851,17851
Lecturer_17852,17852
Lecturer_17853,17853
Lecturer_17854,17854
Lecturer_17855,17855
Lecturer_17856,17856
Lecturer_17857,17857
Lecturer_17858,17858
Lecturer_17859,17859
Lecturer_17860,17860
Lecturer_17861,17861
Lecturer_17862,17862
Lecturer_17863,17863
Lecturer_17864,17864
Lecturer_17865,17865
Lecturer_17866,17866
Lecturer_17867,17867
Lecturer_17868,17868
Lecturer_17869,17869
Lecturer_17870,17870
Lecturer_17871,17871
Lecturer_17872,17872
Lecturer_17873,17873
Lecturer_17874,17874
Lecturer_17875,17875
Lecturer_17876,17876
Lecturer_17877,17877
Lecturer_17878,17878
Lecturer_17879,17879
Lecturer_17880,17880
Lecturer_17881,17881
Lecturer_17882,17882
Lecturer_17883,17883
Lecturer_17884,17884
Lecturer_17885,17885
Lecturer_17886,17886
Lecturer_17887,17887
Lecturer_17888,17888
Lecturer_17889,17889
Lecturer_17890,17890
Lecturer_17891,17891
Lecturer_17892,17892
Lecturer_17893,17893
Lecturer_17894,17894
Lecturer_17895,17895
Lecturer_17896,17896
Lecturer_17897,17897
Lecturer_17898,17898
Lecturer_17899,17899
Lecturer_17900,17900
Lecturer_17901,17901
Lecturer_17902,17902
Lecturer_17903,17903
Lecturer_17904,17904
Lecturer_17905,17905
Lecturer_17906,17906
Lecturer_17907,17907
Lecturer_17908,17908
Lecturer_17909,17909
Lecturer_17910,17910
Lecturer_17911,17911
Lecturer_17912,17912
Lecturer_17913,17913
Lecturer_17914,17914
Lecturer_17915,17915
Lecturer_17916,17916
Lecturer_17917,17917
Lecturer_17918,17918
Lecturer_17919,17919
Lecturer_17920,17920
Lecturer_17921,17921
Lecturer_17922,17922
Lecturer_17923,17923
Lecturer_17924,17924
Lecturer_17925,17925
Lecturer_17926,17926
Lecturer_17927,17927
Lecturer_17928,17928
Lecturer_17929,17929
Lecturer_17930,17930
Lecturer_17931,17931
Lecturer_17932,17932
Lecturer_17933,17933
Lecturer_17934,17934
Lecturer_17935,17935
Lecturer_17936,17936
Lecturer_17937,17937
Lecturer_17938,17938
Lecturer_17939,17939
Lecturer_17940,17940
Lecturer_17941,17941
Lecturer_17942,17942
Lecturer_17943,17943
Lecturer_17944,17944
Lecturer_17945,17945
Lecturer_17946,17946
Lecturer_17947,17947
Lecturer_17948,17948
Lecturer_17949,17949
Lecturer_17950,17950
Lecturer_17951,17951
Lecturer_17952,17952
Lecturer_17953,17953
Lecturer_17954,17954
Lecturer_17955,17955
Lecturer_17956,17956
Lecturer_17957,17957
Lecturer_17958,17958
Lecturer_17959,17959
Lecturer_17960,17960
Lecturer_17961,17961
Lecturer_17962,17962
Lecturer_17963,17963
Lecturer_17964,17964
Lecturer_17965,17965
Lecturer_17966,17966
Lecturer_17967,17967
Lecturer_17968,17968
Lecturer_17969,17969
Lecturer_17970,17970
Lecturer_17971,17971
Lecturer_17972,17972
Lecturer_17973,17973
Lecturer_17974,17974
Lecturer_17975,17975
Lecturer_17976,17976
Lecturer_17977,17977
Lecturer_17978,17978
Lecturer_17979,17979
Lecturer_17980,17980
Lecturer_17981,17981
Lecturer_17982,17982
Lecturer_17983,17983
Lecturer_17984,17984
Lecturer_17985,17985
Lecturer_17986,17986
Lecturer_17987,17987
Lecturer_17988,17988
Lecturer_17989,17989
Lecturer_17990,17990
Lecturer_17991,17991
Lecturer_17992,17992
Lecturer_17993,17993
Lecturer_17994,17994
Lecturer_17995,17995
Lecturer_17996,17996
Lecturer_17997,17997
Lecturer_17998,17998
Lecturer_17999,17999
Lecturer_18000,18000
Lecturer_18001,18001
Lecturer_18002,18002
Lecturer_18003,18003
Lecturer_18004,18004
Lecturer_18005,18005
Lecturer_18006,18006
Lecturer_18007,18007
Lecturer_18008,18008
Lecturer_18009,18009
Lecturer_18010,18010
Lecturer_18011,18011
Lecturer_18012,18012
Lecturer_18013,18013
Lecturer_18014,18014
Lecturer_18015,18015
Lecturer_18016,18016
Lecturer_18017,18017
Lecturer_18018,18018
Lecturer_18019,18019
Lecturer_18020,18020
Lecturer_18021,18021
Lecturer_18022,18022
Lecturer_18023,18023
Lecturer_18024,18024
Lecturer_18025,18025
Lecturer_18026,18026
Lecturer_18027,18027
Lecturer_18028,18028
Lecturer_18029,18029
Lecturer_18030,18030
Lecturer_18031,18031
Lecturer_18032,18032
Lecturer_18033,18033
Lecturer_18034,18034
Lecturer_18035,18035
Lecturer_18036,18036
Lecturer_18037,18037
Lecturer_18038,18038
Lecturer_18039,18039
Lecturer_18040,18040
Lecturer_18041,18041
Lecturer_18042,18042
Lecturer_18043,18043
Lecturer_18044,18044
Lecturer_18045,18045
Lecturer_18046,18046
Lecturer_18047,18047
Lecturer_18048,18048
Lecturer_18049,18049
Lecturer_18050,18050
Lecturer_18051,18051
Lecturer_18052,18052
Lecturer_18053,18053
Lecturer_18054,18054
Lecturer_18055,18055
Lecturer_18056,18056
Lecturer_18057,18057
Lecturer_18058,18058
Lecturer_18059,18059
Lecturer_18060,18060
Lecturer_18061,18061
Lecturer_18062,18062
Lecturer_18063,18063
Lecturer_18064,18064
Lecturer_18065,18065
Lecturer_18066,18066
Lecturer_18067,18067
Lecturer_18068,18068
Lecturer_18069,18069
Lecturer_18070,18070
Lecturer_18071,18071
Lecturer_18072,18072
Lecturer_18073,18073
Lecturer_18074,18074
Lecturer_18075,18075
Lecturer_18076,18076
Lecturer_18077,18077
Lecturer_18078,18078
Lecturer_18079,18079
Lecturer_18080,18080
Lecturer_18081,18081
Lecturer_18082,18082
Lecturer_18083,18083
Lecturer_18084,18084
Lecturer_18085,18085
Lecturer_18086,18086
Lecturer_18087,18087
Lecturer_18088,18088
Lecturer_18089,18089
Lecturer_18090,18090
Lecturer_18091,18091
Lecturer_18092,18092
Lecturer_18093,18093
Lecturer_18094,18094
Lecturer_18095,18095
Lecturer_18096,18096
Lecturer_18097,18097
Lecturer_18098,18098
Lecturer_18099,18099
Lecturer_18100,18100
Lecturer_18101,18101
Lecturer_18102,18102
Lecturer_18103,18103
Lecturer_18104,18104
Lecturer_18105,18105
Lecturer_18106,18106
Lecturer_18107,18107
Lecturer_18108,18108
Lecturer_18109,18109
Lecturer_18110,18110
Lecturer_18111,18111
Lecturer_18112,18112
Lecturer_18113,18113
Lecturer_18114,18114
Lecturer_18115,18115
Lecturer_18116,18116
Lecturer_18117,18117
Lecturer_18118,18118
Lecturer_18119,18119
Lecturer_18120,18120
Lecturer_18121,18121
Lecturer_18122,18122
Lecturer_18123,18123
Lecturer_18124,18124
Lecturer_18125,18125
Lecturer_18126,18126
Lecturer_18127,18127
Lecturer_18128,18128
Lecturer_18129,18129
Lecturer_18130,18130
Lecturer_18131,18131
Lecturer_18132,18132
Lecturer_18133,18133
Lecturer_18134,18134
Lecturer_18135,18135
Lecturer_18136,18136
Lecturer_18137,18137
Lecturer_18138,18138
Lecturer_18139,18139
Lecturer_18140,18140
Lecturer_18141,18141
Lecturer_18142,18142
Lecturer_18143,18143
Lecturer_18144,18144
Lecturer_18145,18145
Lecturer_18146,18146
Lecturer_18147,18147
Lecturer_18148,18148
Lecturer_18149,18149
Lecturer_18150,18150
Lecturer_18151,18151
Lecturer_18152,18152
Lecturer_18153,18153
Lecturer_18154,18154
Lecturer_18155,18155
Lecturer_18156,18156
Lecturer_18157,18157
Lecturer_18158,18158
Lecturer_18159,18159
Lecturer_18160,18160
Lecturer_18161,18161
Lecturer_18162,18162
Lecturer_18163,18163
Lecturer_18164,18164
Lecturer_18165,18165
Lecturer_18166,18166
Lecturer_18167,18167
Lecturer_18168,18168
Lecturer_18169,18169
Lecturer_18170,18170
Lecturer_18171,18171
Lecturer_18172,18172
Lecturer_18173,18173
Lecturer_18174,18174
Lecturer_18175,18175
Lecturer_18176,18176
Lecturer_18177,18177
Lecturer_18178,18178
Lecturer_18179,18179
Lecturer_18180,18180
Lecturer_18181,18181
Lecturer_18182,18182
Lecturer_18183,18183
Lecturer_18184,18184
Lecturer_18185,18185
Lecturer_18186,18186
Lecturer_18187,18187
Lecturer_18188,18188
Lecturer_18189,18189
Lecturer_18190,18190
Lecturer_18191,18191
Lecturer_18192,18192
Lecturer_18193,18193
Lecturer_18194,18194
Lecturer_18195,18195
Lecturer_18196,18196
Lecturer_18197,18197
Lecturer_18198,18198
Lecturer_18199,18199
Lecturer_18200,18200
Lecturer_18201,18201
Lecturer_18202,18202
Lecturer_18203,18203
Lecturer_18204,18204
Lecturer_18205,18205
Lecturer_18206,18206
Lecturer_18207,18207
Lecturer_18208,18208
Lecturer_18209,18209
Lecturer_18210,18210
Lecturer_18211,18211
Lecturer_18212,18212
Lecturer_18213,18213
Lecturer_18214,18214
Lecturer_18215,18215
Lecturer_18216,18216
Lecturer_18217,18217
Lecturer_18218,18218
Lecturer_18219,18219
Lecturer_18220,18220
Lecturer_18221,18221
Lecturer_18222,18222
Lecturer_18223,18223
Lecturer_18224,18224
Lecturer_18225,18225
Lecturer_18226,18226
Lecturer_18227,18227
Lecturer_18228,18228
Lecturer_18229,18229
Lecturer_18230,18230
Lecturer_18231,18231
Lecturer_18232,18232
Lecturer_18233,18233
Lecturer_18234,18234
Lecturer_18235,18235
Lecturer_18236,18236
Lecturer_18237,18237
Lecturer_18238,18238
Lecturer_18239,18239
Lecturer_18240,18240
Lecturer_18241,18241
Lecturer_18242,18242
Lecturer_18243,18243
Lecturer_18244,18244
Lecturer_18245,18245
Lecturer_18246,18246
Lecturer_18247,18247
Lecturer_18248,18248
Lecturer_18249,18249
Lecturer_18250,18250
Lecturer_18251,18251
Lecturer_18252,18252
Lecturer_18253,18253
Lecturer_18254,18254
Lecturer_18255,18255
Lecturer_18256,18256
Lecturer_18257,18257
Lecturer_18258,18258
Lecturer_18259,18259
Lecturer_18260,18260
Lecturer_18261,18261
Lecturer_18262,18262
Lecturer_18263,18263
Lecturer_18264,18264
Lecturer_18265,18265
Lecturer_18266,18266
Lecturer_18267,18267
Lecturer_18268,18268
Lecturer_18269,18269
Lecturer_18270,18270
Lecturer_18271,18271
Lecturer_18272,18272
Lecturer_18273,18273
Lecturer_18274,18274
Lecturer_18275,18275
Lecturer_18276,18276
Lecturer_18277,18277
Lecturer_18278,18278
Lecturer_18279,18279
Lecturer_18280,18280
Lecturer_18281,18281
Lecturer_18282,18282
Lecturer_18283,18283
Lecturer_18284,18284
Lecturer_18285,18285
Lecturer_18286,18286
Lecturer_18287,18287
Lecturer_18288,18288
Lecturer_18289,18289
Lecturer_18290,18290
Lecturer_18291,18291
Lecturer_18292,18292
Lecturer_18293,18293
Lecturer_18294,18294
Lecturer_18295,18295
Lecturer_18296,18296
Lecturer_18297,18297
Lecturer_18298,18298
Lecturer_18299,18299
Lecturer_18300,18300
Lecturer_18301,18301
Lecturer_18302,18302
Lecturer_18303,18303
Lecturer_18304,18304
Lecturer_18305,18305
Lecturer_18306,18306
Lecturer_18307,18307
Lecturer_18308,18308
Lecturer_18309,18309
Lecturer_18310,18310
Lecturer_18311,18311
Lecturer_18312,18312
Lecturer_18313,18313
Lecturer_18314,18314
Lecturer_18315,18315
Lecturer_18316,18316
Lecturer_18317,18317
Lecturer_18318,18318
Lecturer_18319,18319
Lecturer_18320,18320
Lecturer_18321,18321
Lecturer_18322,18322
Lecturer_18323,18323
Lecturer_18324,18324
Lecturer_18325,18325
Lecturer_18326,18326
Lecturer_18327,18327
Lecturer_18328,18328
Lecturer_18329,18329
Lecturer_18330,18330
Lecturer_18331,18331
Lecturer_18332,18332
Lecturer_18333,18333
Lecturer_18334,18334
Lecturer_18335,18335
Lecturer_18336,18336
Lecturer_18337,18337
Lecturer_18338,18338
Lecturer_18339,18339
Lecturer_18340,18340
Lecturer_18341,18341
Lecturer_18342,18342
Lecturer_18343,18343
Lecturer_18344,18344
Lecturer_18345,18345
Lecturer_18346,18346
Lecturer_18347,18347
Lecturer_18348,18348
Lecturer_18349,18349
Lecturer_18350,18350
Lecturer_18351,18351
Lecturer_18352,18352
Lecturer_18353,18353
Lecturer_18354,18354
Lecturer_18355,18355
Lecturer_18356,18356
Lecturer_18357,18357
Lecturer_18358,18358
Lecturer_18359,18359
Lecturer_18360,18360
Lecturer_18361,18361
Lecturer_18362,18362
Lecturer_18363,18363
Lecturer_18364,18364
Lecturer_18365,18365
Lecturer_18366,18366
Lecturer_18367,18367
Lecturer_18368,18368
Lecturer_18369,18369
Lecturer_18370,18370
Lecturer_18371,18371
Lecturer_18372,18372
Lecturer_18373,18373
Lecturer_18374,18374
Lecturer_18375,18375
Lecturer_18376,18376
Lecturer_18377,18377
Lecturer_18378,18378
Lecturer_18379,18379
Lecturer_18380,18380
Lecturer_18381,18381
Lecturer_18382,18382
Lecturer_18383,18383
Lecturer_18384,18384
Lecturer_18385,18385
Lecturer_18386,18386
Lecturer_18387,18387
Lecturer_18388,18388
Lecturer_18389,18389
Lecturer_18390,18390
Lecturer_18391,18391
Lecturer_18392,18392
Lecturer_18393,18393
Lecturer_18394,18394
Lecturer_18395,18395
Lecturer_18396,18396
Lecturer_18397,18397
Lecturer_18398,18398
Lecturer_18399,18399
Lecturer_18400,18400
Lecturer_18401,18401
Lecturer_18402,18402
Lecturer_18403,18403
Lecturer_18404,18404
Lecturer_18405,18405
Lecturer_18406,18406
Lecturer_18407,18407
Lecturer_18408,18408
Lecturer_18409,18409
Lecturer_18410,18410
Lecturer_18411,18411
Lecturer_18412,18412
Lecturer_18413,18413
Lecturer_18414,18414
Lecturer_18415,18415
Lecturer_18416,18416
Lecturer_18417,18417
Lecturer_18418,18418
Lecturer_18419,18419
Lecturer_18420,18420
Lecturer_18421,18421
Lecturer_18422,18422
Lecturer_18423,18423
Lecturer_18424,18424
Lecturer_18425,18425
Lecturer_18426,18426
Lecturer_18427,18427
Lecturer_18428,18428
Lecturer_18429,18429
Lecturer_18430,18430
Lecturer_18431,18431
Lecturer_18432,18432
Lecturer_18433,18433
Lecturer_18434,18434
Lecturer_18435,18435
Lecturer_18436,18436
Lecturer_18437,18437
Lecturer_18438,18438
Lecturer_18439,18439
Lecturer_18440,18440
Lecturer_18441,18441
Lecturer_18442,18442
Lecturer_18443,18443
Lecturer_18444,18444
Lecturer_18445,18445
Lecturer_18446,18446
Lecturer_18447,18447
Lecturer_18448,18448
Lecturer_18449,18449
Lecturer_18450,18450
Lecturer_18451,18451
Lecturer_18452,18452
Lecturer_18453,18453
Lecturer_18454,18454
Lecturer_18455,18455
Lecturer_18456,18456
Lecturer_18457,18457
Lecturer_18458,18458
Lecturer_18459,18459
Lecturer_18460,18460
Lecturer_18461,18461
Lecturer_18462,18462
Lecturer_18463,18463
Lecturer_18464,18464
Lecturer_18465,18465
Lecturer_18466,18466
Lecturer_18467,18467
Lecturer_18468,18468
Lecturer_18469,18469
Lecturer_18470,18470
Lecturer_18471,18471
Lecturer_18472,18472
Lecturer_18473,18473
Lecturer_18474,18474
Lecturer_18475,18475
Lecturer_18476,18476
Lecturer_18477,18477
Lecturer_18478,18478
Lecturer_18479,18479
Lecturer_18480,18480
Lecturer_18481,18481
Lecturer_18482,18482
Lecturer_18483,18483
Lecturer_18484,18484
Lecturer_18485,18485
Lecturer_18486,18486
Lecturer_18487,18487
Lecturer_18488,18488
Lecturer_18489,18489
Lecturer_18490,18490
Lecturer_18491,18491
Lecturer_18492,18492
Lecturer_18493,18493
Lecturer_18494,18494
Lecturer_18495,18495
Lecturer_18496,18496
Lecturer_18497,18497
Lecturer_18498,18498
Lecturer_18499,18499
Lecturer_18500,18500
Lecturer_18501,18501
Lecturer_18502,18502
Lecturer_18503,18503
Lecturer_18504,18504
Lecturer_18505,18505
Lecturer_18506,18506
Lecturer_18507,18507
Lecturer_18508,18508
Lecturer_18509,18509
Lecturer_18510,18510
Lecturer_18511,18511
Lecturer_18512,18512
Lecturer_18513,18513
Lecturer_18514,18514
Lecturer_18515,18515
Lecturer_18516,18516
Lecturer_18517,18517
Lecturer_18518,18518
Lecturer_18519,18519
Lecturer_18520,18520
Lecturer_18521,18521
Lecturer_18522,18522
Lecturer_18523,18523
Lecturer_18524,18524
Lecturer_18525,18525
Lecturer_18526,18526
Lecturer_18527,18527
Lecturer_18528,18528
Lecturer_18529,18529
Lecturer_18530,18530
Lecturer_18531,18531
Lecturer_18532,18532
Lecturer_18533,18533
Lecturer_18534,18534
Lecturer_18535,18535
Lecturer_18536,18536
Lecturer_18537,18537
Lecturer_18538,18538
Lecturer_18539,18539
Lecturer_18540,18540
Lecturer_18541,18541
Lecturer_18542,18542
Lecturer_18543,18543
Lecturer_18544,18544
Lecturer_18545,18545
Lecturer_18546,18546
Lecturer_18547,18547
Lecturer_18548,18548
Lecturer_18549,18549
Lecturer_18550,18550
Lecturer_18551,18551
Lecturer_18552,18552
Lecturer_18553,18553
Lecturer_18554,18554
Lecturer_18555,18555
Lecturer_18556,18556
Lecturer_18557,18557
Lecturer_18558,18558
Lecturer_18559,18559
Lecturer_18560,18560
Lecturer_18561,18561
Lecturer_18562,18562
Lecturer_18563,18563
Lecturer_18564,18564
Lecturer_18565,18565
Lecturer_18566,18566
Lecturer_18567,18567
Lecturer_18568,18568
Lecturer_18569,18569
Lecturer_18570,18570
Lecturer_18571,18571
Lecturer_18572,18572
Lecturer_18573,18573
Lecturer_18574,18574
Lecturer_18575,18575
Lecturer_18576,18576
Lecturer_18577,18577
Lecturer_18578,18578
Lecturer_18579,18579
Lecturer_18580,18580
Lecturer_18581,18581
Lecturer_18582,18582
Lecturer_18583,18583
Lecturer_18584,18584
Lecturer_18585,18585
Lecturer_18586,18586
Lecturer_18587,18587
Lecturer_18588,18588
Lecturer_18589,18589
Lecturer_18590,18590
Lecturer_18591,18591
Lecturer_18592,18592
Lecturer_18593,18593
Lecturer_18594,18594
Lecturer_18595,18595
Lecturer_18596,18596
Lecturer_18597,18597
Lecturer_18598,18598
Lecturer_18599,18599
Lecturer_18600,18600
Lecturer_18601,18601
Lecturer_18602,18602
Lecturer_18603,18603
Lecturer_18604,18604
Lecturer_18605,18605
Lecturer_18606,18606
Lecturer_18607,18607
Lecturer_18608,18608
Lecturer_18609,18609
Lecturer_18610,18610
Lecturer_18611,18611
Lecturer_18612,18612
Lecturer_18613,18613
Lecturer_18614,18614
Lecturer_18615,18615
Lecturer_18616,18616
Lecturer_18617,18617
Lecturer_18618,18618
Lecturer_18619,18619
Lecturer_18620,18620
Lecturer_18621,18621
Lecturer_18622,18622
Lecturer_18623,18623
Lecturer_18624,18624
Lecturer_18625,18625
Lecturer_18626,18626
Lecturer_18627,18627
Lecturer_18628,18628
Lecturer_18629,18629
Lecturer_18630,18630
Lecturer_18631,18631
Lecturer_18632,18632
Lecturer_18633,18633
Lecturer_18634,18634
Lecturer_18635,18635
Lecturer_18636,18636
Lecturer_18637,18637
Lecturer_18638,18638
Lecturer_18639,18639
Lecturer_18640,18640
Lecturer_18641,18641
Lecturer_18642,18642
Lecturer_18643,18643
Lecturer_18644,18644
Lecturer_18645,18645
Lecturer_18646,18646
Lecturer_18647,18647
Lecturer_18648,18648
Lecturer_18649,18649
Lecturer_18650,18650
Lecturer_18651,18651
Lecturer_18652,18652
Lecturer_18653,18653
Lecturer_18654,18654
Lecturer_18655,18655
Lecturer_18656,18656
Lecturer_18657,18657
Lecturer_18658,18658
Lecturer_18659,18659
Lecturer_18660,18660
Lecturer_18661,18661
Lecturer_18662,18662
Lecturer_18663,18663
Lecturer_18664,18664
Lecturer_18665,18665
Lecturer_18666,18666
Lecturer_18667,18667
Lecturer_18668,18668
Lecturer_18669,18669
Lecturer_18670,18670
Lecturer_18671,18671
Lecturer_18672,18672
Lecturer_18673,18673
Lecturer_18674,18674
Lecturer_18675,18675
Lecturer_18676,18676
Lecturer_18677,18677
Lecturer_18678,18678
Lecturer_18679,18679
Lecturer_18680,18680
Lecturer_18681,18681
Lecturer_18682,18682
Lecturer_18683,18683
Lecturer_18684,18684
Lecturer_18685,18685
Lecturer_18686,18686
Lecturer_18687,18687
Lecturer_18688,18688
Lecturer_18689,18689
Lecturer_18690,18690
Lecturer_18691,18691
Lecturer_18692,18692
Lecturer_18693,18693
Lecturer_18694,18694
Lecturer_18695,18695
Lecturer_18696,18696
Lecturer_18697,18697
Lecturer_18698,18698
Lecturer_18699,18699
Lecturer_18700,18700
Lecturer_18701,18701
Lecturer_18702,18702
Lecturer_18703,18703
Lecturer_18704,18704
Lecturer_18705,18705
Lecturer_18706,18706
Lecturer_18707,18707
Lecturer_18708,18708
Lecturer_18709,18709
Lecturer_18710,18710
Lecturer_18711,18711
Lecturer_18712,18712
Lecturer_18713,18713
Lecturer_18714,18714
Lecturer_18715,18715
Lecturer_18716,18716
Lecturer_18717,18717
Lecturer_18718,18718
Lecturer_18719,18719
Lecturer_18720,18720
Lecturer_18721,18721
Lecturer_18722,18722
Lecturer_18723,18723
Lecturer_18724,18724
Lecturer_18725,18725
Lecturer_18726,18726
Lecturer_18727,18727
Lecturer_18728,18728
Lecturer_18729,18729
Lecturer_18730,18730
Lecturer_18731,18731
Lecturer_18732,18732
Lecturer_18733,18733
Lecturer_18734,18734
Lecturer_18735,18735
Lecturer_18736,18736
Lecturer_18737,18737
Lecturer_18738,18738
Lecturer_18739,18739
Lecturer_18740,18740
Lecturer_18741,18741
Lecturer_18742,18742
Lecturer_18743,18743
Lecturer_18744,18744
Lecturer_18745,18745
Lecturer_18746,18746
Lecturer_18747,18747
Lecturer_18748,18748
Lecturer_18749,18749
Lecturer_18750,18750
Lecturer_18751,18751
Lecturer_18752,18752
Lecturer_18753,18753
Lecturer_18754,18754
Lecturer_18755,18755
Lecturer_18756,18756
Lecturer_18757,18757
Lecturer_18758,18758
Lecturer_18759,18759
Lecturer_18760,18760
Lecturer_18761,18761
Lecturer_18762,18762
Lecturer_18763,18763
Lecturer_18764,18764
Lecturer_18765,18765
Lecturer_18766,18766
Lecturer_18767,18767
Lecturer_18768,18768
Lecturer_18769,18769
Lecturer_18770,18770
Lecturer_18771,18771
Lecturer_18772,18772
Lecturer_18773,18773
Lecturer_18774,18774
Lecturer_18775,18775
Lecturer_18776,18776
Lecturer_18777,18777
Lecturer_18778,18778
Lecturer_18779,18779
Lecturer_18780,18780
Lecturer_18781,18781
Lecturer_18782,18782
Lecturer_18783,18783
Lecturer_18784,18784
Lecturer_18785,18785
Lecturer_18786,18786
Lecturer_18787,18787
Lecturer_18788,18788
Lecturer_18789,18789
Lecturer_18790,18790
Lecturer_18791,18791
Lecturer_18792,18792
Lecturer_18793,18793
Lecturer_18794,18794
Lecturer_18795,18795
Lecturer_18796,18796
Lecturer_18797,18797
Lecturer_18798,18798
Lecturer_18799,18799
Lecturer_18800,18800
Lecturer_18801,18801
Lecturer_18802,18802
Lecturer_18803,18803
Lecturer_18804,18804
Lecturer_18805,18805
Lecturer_18806,18806
Lecturer_18807,18807
Lecturer_18808,18808
Lecturer_18809,18809
Lecturer_18810,18810
Lecturer_18811,18811
Lecturer_18812,18812
Lecturer_18813,18813
Lecturer_18814,18814
Lecturer_18815,18815
Lecturer_18816,18816
Lecturer_18817,18817
Lecturer_18818,18818
Lecturer_18819,18819
Lecturer_18820,18820
Lecturer_18821,18821
Lecturer_18822,18822
Lecturer_18823,18823
Lecturer_18824,18824
Lecturer_18825,18825
Lecturer_18826,18826
Lecturer_18827,18827
Lecturer_18828,18828
Lecturer_18829,18829
Lecturer_18830,18830
Lecturer_18831,18831
Lecturer_18832,18832
Lecturer_18833,18833
Lecturer_18834,18834
Lecturer_18835,18835
Lecturer_18836,18836
Lecturer_18837,18837
Lecturer_18838,18838
Lecturer_18839,18839
Lecturer_18840,18840
Lecturer_18841,18841
Lecturer_18842,18842
Lecturer_18843,18843
Lecturer_18844,18844
Lecturer_18845,18845
Lecturer_18846,18846
Lecturer_18847,18847
Lecturer_18848,18848
Lecturer_18849,18849
Lecturer_18850,18850
Lecturer_18851,18851
Lecturer_18852,18852
Lecturer_18853,18853
Lecturer_18854,18854
Lecturer_18855,18855
Lecturer_18856,18856
Lecturer_18857,18857
Lecturer_18858,18858
Lecturer_18859,18859
Lecturer_18860,18860
Lecturer_18861,18861
Lecturer_18862,18862
Lecturer_18863,18863
Lecturer_18864,18864
Lecturer_18865,18865
Lecturer_18866,18866
Lecturer_18867,18867
Lecturer_18868,18868
Lecturer_18869,18869
Lecturer_18870,18870
Lecturer_18871,18871
Lecturer_18872,18872
Lecturer_18873,18873
Lecturer_18874,18874
Lecturer_18875,18875
Lecturer_18876,18876
Lecturer_18877,18877
Lecturer_18878,18878
Lecturer_18879,18879
Lecturer_18880,18880
Lecturer_18881,18881
Lecturer_18882,18882
Lecturer_18883,18883
Lecturer_18884,18884
Lecturer_18885,18885
Lecturer_18886,18886
Lecturer_18887,18887
Lecturer_18888,18888
Lecturer_18889,18889
Lecturer_18890,18890
Lecturer_18891,18891
Lecturer_18892,18892
Lecturer_18893,18893
Lecturer_18894,18894
Lecturer_18895,18895
Lecturer_18896,18896
Lecturer_18897,18897
Lecturer_18898,18898
Lecturer_18899,18899
Lecturer_18900,18900
Lecturer_18901,18901
Lecturer_18902,18902
Lecturer_18903,18903
Lecturer_18904,18904
Lecturer_18905,18905
Lecturer_18906,18906
Lecturer_18907,18907
Lecturer_18908,18908
Lecturer_18909,18909
Lecturer_18910,18910
Lecturer_18911,18911
Lecturer_18912,18912
Lecturer_18913,18913
Lecturer_18914,18914
Lecturer_18915,18915
Lecturer_18916,18916
Lecturer_18917,18917
Lecturer_18918,18918
Lecturer_18919,18919
Lecturer_18920,18920
Lecturer_18921,18921
Lecturer_18922,18922
Lecturer_18923,18923
Lecturer_18924,18924
Lecturer_18925,18925
Lecturer_18926,18926
Lecturer_18927,18927
Lecturer_18928,18928
Lecturer_18929,18929
Lecturer_18930,18930
Lecturer_18931,18931
Lecturer_18932,18932
Lecturer_18933,18933
Lecturer_18934,18934
Lecturer_18935,18935
Lecturer_18936,18936
Lecturer_18937,18937
Lecturer_18938,18938
Lecturer_18939,18939
Lecturer_18940,18940
Lecturer_18941,18941
Lecturer_18942,18942
Lecturer_18943,18943
Lecturer_18944,18944
Lecturer_18945,18945
Lecturer_18946,18946
Lecturer_18947,18947
Lecturer_18948,18948
Lecturer_18949,18949
Lecturer_18950,18950
Lecturer_18951,18951
Lecturer_18952,18952
Lecturer_18953,18953
Lecturer_18954,18954
Lecturer_18955,18955
Lecturer_18956,18956
Lecturer_18957,18957
Lecturer_18958,18958
Lecturer_18959,18959
Lecturer_18960,18960
Lecturer_18961,18961
Lecturer_18962,18962
Lecturer_18963,18963
Lecturer_18964,18964
Lecturer_18965,18965
Lecturer_18966,18966
Lecturer_18967,18967
Lecturer_18968,18968
Lecturer_18969,18969
Lecturer_18970,18970
Lecturer_18971,18971
Lecturer_18972,18972
Lecturer_18973,18973
Lecturer_18974,18974
Lecturer_18975,18975
Lecturer_18976,18976
Lecturer_18977,18977
Lecturer_18978,18978
Lecturer_18979,18979
Lecturer_18980,18980
Lecturer_18981,18981
Lecturer_18982,18982
Lecturer_18983,18983
Lecturer_18984,18984
Lecturer_18985,18985
Lecturer_18986,18986
Lecturer_18987,18987
Lecturer_18988,18988
Lecturer_18989,18989
Lecturer_18990,18990
Lecturer_18991,18991
Lecturer_18992,18992
Lecturer_18993,18993
Lecturer_18994,18994
Lecturer_18995,18995
Lecturer_18996,18996
Lecturer_18997,18997
Lecturer_18998,18998
Lecturer_18999,18999
Lecturer_19000,19000
Lecturer_19001,19001
Lecturer_19002,19002
Lecturer_19003,19003
Lecturer_19004,19004
Lecturer_19005,19005
Lecturer_19006,19006
Lecturer_19007,19007
Lecturer_19008,19008
Lecturer_19009,19009
Lecturer_19010,19010
Lecturer_19011,19011
Lecturer_19012,19012
Lecturer_19013,19013
Lecturer_19014,19014
Lecturer_19015,19015
Lecturer_19016,19016
Lecturer_19017,19017
Lecturer_19018,19018
Lecturer_19019,19019
Lecturer_19020,19020
Lecturer_19021,19021
Lecturer_19022,19022
Lecturer_19023,19023
Lecturer_19024,19024
Lecturer_19025,19025
Lecturer_19026,19026
Lecturer_19027,19027
Lecturer_19028,19028
Lecturer_19029,19029
Lecturer_19030,19030
Lecturer_19031,19031
Lecturer_19032,19032
Lecturer_19033,19033
Lecturer_19034,19034
Lecturer_19035,19035
Lecturer_19036,19036
Lecturer_19037,19037
Lecturer_19038,19038
Lecturer_19039,19039
Lecturer_19040,19040
Lecturer_19041,19041
Lecturer_19042,19042
Lecturer_19043,19043
Lecturer_19044,19044
Lecturer_19045,19045
Lecturer_19046,19046
Lecturer_19047,19047
Lecturer_19048,19048
Lecturer_19049,19049
Lecturer_19050,19050
Lecturer_19051,19051
Lecturer_19052,19052
Lecturer_19053,19053
Lecturer_19054,19054
Lecturer_19055,19055
Lecturer_19056,19056
Lecturer_19057,19057
Lecturer_19058,19058
Lecturer_19059,19059
Lecturer_19060,19060
Lecturer_19061,19061
Lecturer_19062,19062
Lecturer_19063,19063
Lecturer_19064,19064
Lecturer_19065,19065
Lecturer_19066,19066
Lecturer_19067,19067
Lecturer_19068,19068
Lecturer_19069,19069
Lecturer_19070,19070
Lecturer_19071,19071
Lecturer_19072,19072
Lecturer_19073,19073
Lecturer_19074,19074
Lecturer_19075,19075
Lecturer_19076,19076
Lecturer_19077,19077
Lecturer_19078,19078
Lecturer_19079,19079
Lecturer_19080,19080
Lecturer_19081,19081
Lecturer_19082,19082
Lecturer_19083,19083
Lecturer_19084,19084
Lecturer_19085,19085
Lecturer_19086,19086
Lecturer_19087,19087
Lecturer_19088,19088
Lecturer_19089,19089
Lecturer_19090,19090
Lecturer_19091,19091
Lecturer_19092,19092
Lecturer_19093,19093
Lecturer_19094,19094
Lecturer_19095,19095
Lecturer_19096,19096
Lecturer_19097,19097
Lecturer_19098,19098
Lecturer_19099,19099
Lecturer_19100,19100
Lecturer_19101,19101
Lecturer_19102,19102
Lecturer_19103,19103
Lecturer_19104,19104
Lecturer_19105,19105
Lecturer_19106,19106
Lecturer_19107,19107
Lecturer_19108,19108
Lecturer_19109,19109
Lecturer_19110,19110
Lecturer_19111,19111
Lecturer_19112,19112
Lecturer_19113,19113
Lecturer_19114,19114
Lecturer_19115,19115
Lecturer_19116,19116
Lecturer_19117,19117
Lecturer_19118,19118
Lecturer_19119,19119
Lecturer_19120,19120
Lecturer_19121,19121
Lecturer_19122,19122
Lecturer_19123,19123
Lecturer_19124,19124
Lecturer_19125,19125
Lecturer_19126,19126
Lecturer_19127,19127
Lecturer_19128,19128
Lecturer_19129,19129
Lecturer_19130,19130
Lecturer_19131,19131
Lecturer_19132,19132
Lecturer_19133,19133
Lecturer_19134,19134
Lecturer_19135,19135
Lecturer_19136,19136
Lecturer_19137,19137
Lecturer_19138,19138
Lecturer_19139,19139
Lecturer_19140,19140
Lecturer_19141,19141
Lecturer_19142,19142
Lecturer_19143,19143
Lecturer_19144,19144
Lecturer_19145,19145
Lecturer_19146,19146
Lecturer_19147,19147
Lecturer_19148,19148
Lecturer_19149,19149
Lecturer_19150,19150
Lecturer_19151,19151
Lecturer_19152,19152
Lecturer_19153,19153
Lecturer_19154,19154
Lecturer_19155,19155
Lecturer_19156,19156
Lecturer_19157,19157
Lecturer_19158,19158
Lecturer_19159,19159
Lecturer_19160,19160
Lecturer_19161,19161
Lecturer_19162,19162
Lecturer_19163,19163
Lecturer_19164,19164
Lecturer_19165,19165
Lecturer_19166,19166
Lecturer_19167,19167
Lecturer_19168,19168
Lecturer_19169,19169
Lecturer_19170,19170
Lecturer_19171,19171
Lecturer_19172,19172
Lecturer_19173,19173
Lecturer_19174,19174
Lecturer_19175,19175
Lecturer_19176,19176
Lecturer_19177,19177
Lecturer_19178,19178
Lecturer_19179,19179
Lecturer_19180,19180
Lecturer_19181,19181
Lecturer_19182,19182
Lecturer_19183,19183
Lecturer_19184,19184
Lecturer_19185,19185
Lecturer_19186,19186
Lecturer_19187,19187
Lecturer_19188,19188
Lecturer_19189,19189
Lecturer_19190,19190
Lecturer_19191,19191
Lecturer_19192,19192
Lecturer_19193,19193
Lecturer_19194,19194
Lecturer_19195,19195
Lecturer_19196,19196
Lecturer_19197,19197
Lecturer_19198,19198
Lecturer_19199,19199
Lecturer_19200,19200
Lecturer_19201,19201
Lecturer_19202,19202
Lecturer_19203,19203
Lecturer_19204,19204
Lecturer_19205,19205
Lecturer_19206,19206
Lecturer_19207,19207
Lecturer_19208,19208
Lecturer_19209,19209
Lecturer_19210,19210
Lecturer_19211,19211
Lecturer_19212,19212
Lecturer_19213,19213
Lecturer_19214,19214
Lecturer_19215,19215
Lecturer_19216,19216
Lecturer_19217,19217
Lecturer_19218,19218
Lecturer_19219,19219
Lecturer_19220,19220
Lecturer_19221,19221
Lecturer_19222,19222
Lecturer_19223,19223
Lecturer_19224,19224
Lecturer_19225,19225
Lecturer_19226,19226
Lecturer_19227,19227
Lecturer_19228,19228
Lecturer_19229,19229
Lecturer_19230,19230
Lecturer_19231,19231
Lecturer_19232,19232
Lecturer_19233,19233
Lecturer_19234,19234
Lecturer_19235,19235
Lecturer_19236,19236
Lecturer_19237,19237
Lecturer_19238,19238
Lecturer_19239,19239
Lecturer_19240,19240
Lecturer_19241,19241
Lecturer_19242,19242
Lecturer_19243,19243
Lecturer_19244,19244
Lecturer_19245,19245
Lecturer_19246,19246
Lecturer_19247,19247
Lecturer_19248,19248
Lecturer_19249,19249
Lecturer_19250,19250
Lecturer_19251,19251
Lecturer_19252,19252
Lecturer_19253,19253
Lecturer_19254,19254
Lecturer_19255,19255
Lecturer_19256,19256
Lecturer_19257,19257
Lecturer_19258,19258
Lecturer_19259,19259
Lecturer_19260,19260
Lecturer_19261,19261
Lecturer_19262,19262
Lecturer_19263,19263
Lecturer_19264,19264
Lecturer_19265,19265
Lecturer_19266,19266
Lecturer_19267,19267
Lecturer_19268,19268
Lecturer_19269,19269
Lecturer_19270,19270
Lecturer_19271,19271
Lecturer_19272,19272
Lecturer_19273,19273
Lecturer_19274,19274
Lecturer_19275,19275
Lecturer_19276,19276
Lecturer_19277,19277
Lecturer_19278,19278
Lecturer_19279,19279
Lecturer_19280,19280
Lecturer_19281,19281
Lecturer_19282,19282
Lecturer_19283,19283
Lecturer_19284,19284
Lecturer_19285,19285
Lecturer_19286,19286
Lecturer_19287,19287
Lecturer_19288,19288
Lecturer_19289,19289
Lecturer_19290,19290
Lecturer_19291,19291
Lecturer_19292,19292
Lecturer_19293,19293
Lecturer_19294,19294
Lecturer_19295,19295
Lecturer_19296,19296
Lecturer_19297,19297
Lecturer_19298,19298
Lecturer_19299,19299
Lecturer_19300,19300
Lecturer_19301,19301
Lecturer_19302,19302
Lecturer_19303,19303
Lecturer_19304,19304
Lecturer_19305,19305
Lecturer_19306,19306
Lecturer_19307,19307
Lecturer_19308,19308
Lecturer_19309,19309
Lecturer_19310,19310
Lecturer_19311,19311
Lecturer_19312,19312
Lecturer_19313,19313
Lecturer_19314,19314
Lecturer_19315,19315
Lecturer_19316,19316
Lecturer_19317,19317
Lecturer_19318,19318
Lecturer_19319,19319
Lecturer_19320,19320
Lecturer_19321,19321
Lecturer_19322,19322
Lecturer_19323,19323
Lecturer_19324,19324
Lecturer_19325,19325
Lecturer_19326,19326
Lecturer_19327,19327
Lecturer_19328,19328
Lecturer_19329,19329
Lecturer_19330,19330
Lecturer_19331,19331
Lecturer_19332,19332
Lecturer_19333,19333
Lecturer_19334,19334
Lecturer_19335,19335
Lecturer_19336,19336
Lecturer_19337,19337
Lecturer_19338,19338
Lecturer_19339,19339
Lecturer_19340,19340
Lecturer_19341,19341
Lecturer_19342,19342
Lecturer_19343,19343
Lecturer_19344,19344
Lecturer_19345,19345
Lecturer_19346,19346
Lecturer_19347,19347
Lecturer_19348,19348
Lecturer_19349,19349
Lecturer_19350,19350
Lecturer_19351,19351
Lecturer_19352,19352
Lecturer_19353,19353
Lecturer_19354,19354
Lecturer_19355,19355
Lecturer_19356,19356
Lecturer_19357,19357
Lecturer_19358,19358
Lecturer_19359,19359
Lecturer_19360,19360
Lecturer_19361,19361
Lecturer_19362,19362
Lecturer_19363,19363
Lecturer_19364,19364
Lecturer_19365,19365
Lecturer_19366,19366
Lecturer_19367,19367
Lecturer_19368,19368
Lecturer_19369,19369
Lecturer_19370,19370
Lecturer_19371,19371
Lecturer_19372,19372
Lecturer_19373,19373
Lecturer_19374,19374
Lecturer_19375,19375
Lecturer_19376,19376
Lecturer_19377,19377
Lecturer_19378,19378
Lecturer_19379,19379
Lecturer_19380,19380
Lecturer_19381,19381
Lecturer_19382,19382
Lecturer_19383,19383
Lecturer_19384,19384
Lecturer_19385,19385
Lecturer_19386,19386
Lecturer_19387,19387
Lecturer_19388,19388
Lecturer_19389,19389
Lecturer_19390,19390
Lecturer_19391,19391
Lecturer_19392,19392
Lecturer_19393,19393
Lecturer_19394,19394
Lecturer_19395,19395
Lecturer_19396,19396
Lecturer_19397,19397
Lecturer_19398,19398
Lecturer_19399,19399
Lecturer_19400,19400
Lecturer_19401,19401
Lecturer_19402,19402
Lecturer_19403,19403
Lecturer_19404,19404
Lecturer_19405,19405
Lecturer_19406,19406
Lecturer_19407,19407
Lecturer_19408,19408
Lecturer_19409,19409
Lecturer_19410,19410
Lecturer_19411,19411
Lecturer_19412,19412
Lecturer_19413,19413
Lecturer_19414,19414
Lecturer_19415,19415
Lecturer_19416,19416
Lecturer_19417,19417
Lecturer_19418,19418
Lecturer_19419,19419
Lecturer_19420,19420
Lecturer_19421,19421
Lecturer_19422,19422
Lecturer_19423,19423
Lecturer_19424,19424
Lecturer_19425,19425
Lecturer_19426,19426
Lecturer_19427,19427
Lecturer_19428,19428
Lecturer_19429,19429
Lecturer_19430,19430
Lecturer_19431,19431
Lecturer_19432,19432
Lecturer_19433,19433
Lecturer_19434,19434
Lecturer_19435,19435
Lecturer_19436,19436
Lecturer_19437,19437
Lecturer_19438,19438
Lecturer_19439,19439
Lecturer_19440,19440
Lecturer_19441,19441
Lecturer_19442,19442
Lecturer_19443,19443
Lecturer_19444,19444
Lecturer_19445,19445
Lecturer_19446,19446
Lecturer_19447,19447
Lecturer_19448,19448
Lecturer_19449,19449
Lecturer_19450,19450
Lecturer_19451,19451
Lecturer_19452,19452
Lecturer_19453,19453
Lecturer_19454,19454
Lecturer_19455,19455
Lecturer_19456,19456
Lecturer_19457,19457
Lecturer_19458,19458
Lecturer_19459,19459
Lecturer_19460,19460
Lecturer_19461,19461
Lecturer_19462,19462
Lecturer_19463,19463
Lecturer_19464,19464
Lecturer_19465,19465
Lecturer_19466,19466
Lecturer_19467,19467
Lecturer_19468,19468
Lecturer_19469,19469
Lecturer_19470,19470
Lecturer_19471,19471
Lecturer_19472,19472
Lecturer_19473,19473
Lecturer_19474,19474
Lecturer_19475,19475
Lecturer_19476,19476
Lecturer_19477,19477
Lecturer_19478,19478
Lecturer_19479,19479
Lecturer_19480,19480
Lecturer_19481,19481
Lecturer_19482,19482
Lecturer_19483,19483
Lecturer_19484,19484
Lecturer_19485,19485
Lecturer_19486,19486
Lecturer_19487,19487
Lecturer_19488,19488
Lecturer_19489,19489
Lecturer_19490,19490
Lecturer_19491,19491
Lecturer_19492,19492
Lecturer_19493,19493
Lecturer_19494,19494
Lecturer_19495,19495
Lecturer_19496,19496
Lecturer_19497,19497
Lecturer_19498,19498
Lecturer_19499,19499
Lecturer_19500,19500
Lecturer_19501,19501
Lecturer_19502,19502
Lecturer_19503,19503
Lecturer_19504,19504
Lecturer_19505,19505
Lecturer_19506,19506
Lecturer_19507,19507
Lecturer_19508,19508
Lecturer_19509,19509
Lecturer_19510,19510
Lecturer_19511,19511
Lecturer_19512,19512
Lecturer_19513,19513
Lecturer_19514,19514
Lecturer_19515,19515
Lecturer_19516,19516
Lecturer_19517,19517
Lecturer_19518,19518
Lecturer_19519,19519
Lecturer_19520,19520
Lecturer_19521,19521
Lecturer_19522,19522
Lecturer_19523,19523
Lecturer_19524,19524
Lecturer_19525,19525
Lecturer_19526,19526
Lecturer_19527,19527
Lecturer_19528,19528
Lecturer_19529,19529
Lecturer_19530,19530
Lecturer_19531,19531
Lecturer_19532,19532
Lecturer_19533,19533
Lecturer_19534,19534
Lecturer_19535,19535
Lecturer_19536,19536
Lecturer_19537,19537
Lecturer_19538,19538
Lecturer_19539,19539
Lecturer_19540,19540
Lecturer_19541,19541
Lecturer_19542,19542
Lecturer_19543,19543
Lecturer_19544,19544
Lecturer_19545,19545
Lecturer_19546,19546
Lecturer_19547,19547
Lecturer_19548,19548
Lecturer_19549,19549
Lecturer_19550,19550
Lecturer_19551,19551
Lecturer_19552,19552
Lecturer_19553,19553
Lecturer_19554,19554
Lecturer_19555,19555
Lecturer_19556,19556
Lecturer_19557,19557
Lecturer_19558,19558
Lecturer_19559,19559
Lecturer_19560,19560
Lecturer_19561,19561
Lecturer_19562,19562
Lecturer_19563,19563
Lecturer_19564,19564
Lecturer_19565,19565
Lecturer_19566,19566
Lecturer_19567,19567
Lecturer_19568,19568
Lecturer_19569,19569
Lecturer_19570,19570
Lecturer_19571,19571
Lecturer_19572,19572
Lecturer_19573,19573
Lecturer_19574,19574
Lecturer_19575,19575
Lecturer_19576,19576
Lecturer_19577,19577
Lecturer_19578,19578
Lecturer_19579,19579
Lecturer_19580,19580
Lecturer_19581,19581
Lecturer_19582,19582
Lecturer_19583,19583
Lecturer_19584,19584
Lecturer_19585,19585
Lecturer_19586,19586
Lecturer_19587,19587
Lecturer_19588,19588
Lecturer_19589,19589
Lecturer_19590,19590
Lecturer_19591,19591
Lecturer_19592,19592
Lecturer_19593,19593
Lecturer_19594,19594
Lecturer_19595,19595
Lecturer_19596,19596
Lecturer_19597,19597
Lecturer_19598,19598
Lecturer_19599,19599
Lecturer_19600,19600
Lecturer_19601,19601
Lecturer_19602,19602
Lecturer_19603,19603
Lecturer_19604,19604
Lecturer_19605,19605
Lecturer_19606,19606
Lecturer_19607,19607
Lecturer_19608,19608
Lecturer_19609,19609
Lecturer_19610,19610
Lecturer_19611,19611
Lecturer_19612,19612
Lecturer_19613,19613
Lecturer_19614,19614
Lecturer_19615,19615
Lecturer_19616,19616
Lecturer_19617,19617
Lecturer_19618,19618
Lecturer_19619,19619
Lecturer_19620,19620
Lecturer_19621,19621
Lecturer_19622,19622
Lecturer_19623,19623
Lecturer_19624,19624
Lecturer_19625,19625
Lecturer_19626,19626
Lecturer_19627,19627
Lecturer_19628,19628
Lecturer_19629,19629
Lecturer_19630,19630
Lecturer_19631,19631
Lecturer_19632,19632
Lecturer_19633,19633
Lecturer_19634,19634
Lecturer_19635,19635
Lecturer_19636,19636
Lecturer_19637,19637
Lecturer_19638,19638
Lecturer_19639,19639
Lecturer_19640,19640
Lecturer_19641,19641
Lecturer_19642,19642
Lecturer_19643,19643
Lecturer_19644,19644
Lecturer_19645,19645
Lecturer_19646,19646
Lecturer_19647,19647
Lecturer_19648,19648
Lecturer_19649,19649
Lecturer_19650,19650
Lecturer_19651,19651
Lecturer_19652,19652
Lecturer_19653,19653
Lecturer_19654,19654
Lecturer_19655,19655
Lecturer_19656,19656
Lecturer_19657,19657
Lecturer_19658,19658
Lecturer_19659,19659
Lecturer_19660,19660
Lecturer_19661,19661
Lecturer_19662,19662
Lecturer_19663,19663
Lecturer_19664,19664
Lecturer_19665,19665
Lecturer_19666,19666
Lecturer_19667,19667
Lecturer_19668,19668
Lecturer_19669,19669
Lecturer_19670,19670
Lecturer_19671,19671
Lecturer_19672,19672
Lecturer_19673,19673
Lecturer_19674,19674
Lecturer_19675,19675
Lecturer_19676,19676
Lecturer_19677,19677
Lecturer_19678,19678
Lecturer_19679,19679
Lecturer_19680,19680
Lecturer_19681,19681
Lecturer_19682,19682
Lecturer_19683,19683
Lecturer_19684,19684
Lecturer_19685,19685
Lecturer_19686,19686
Lecturer_19687,19687
Lecturer_19688,19688
Lecturer_19689,19689
Lecturer_19690,19690
Lecturer_19691,19691
Lecturer_19692,19692
Lecturer_19693,19693
Lecturer_19694,19694
Lecturer_19695,19695
Lecturer_19696,19696
Lecturer_19697,19697
Lecturer_19698,19698
Lecturer_19699,19699
Lecturer_19700,19700
Lecturer_19701,19701
Lecturer_19702,19702
Lecturer_19703,19703
Lecturer_19704,19704
Lecturer_19705,19705
Lecturer_19706,19706
Lecturer_19707,19707
Lecturer_19708,19708
Lecturer_19709,19709
Lecturer_19710,19710
Lecturer_19711,19711
Lecturer_19712,19712
Lecturer_19713,19713
Lecturer_19714,19714
Lecturer_19715,19715
Lecturer_19716,19716
Lecturer_19717,19717
Lecturer_19718,19718
Lecturer_19719,19719
Lecturer_19720,19720
Lecturer_19721,19721
Lecturer_19722,19722
Lecturer_19723,19723
Lecturer_19724,19724
Lecturer_19725,19725
Lecturer_19726,19726
Lecturer_19727,19727
Lecturer_19728,19728
Lecturer_19729,19729
Lecturer_19730,19730
Lecturer_19731,19731
Lecturer_19732,19732
Lecturer_19733,19733
Lecturer_19734,19734
Lecturer_19735,19735
Lecturer_19736,19736
Lecturer_19737,19737
Lecturer_19738,19738
Lecturer_19739,19739
Lecturer_19740,19740
Lecturer_19741,19741
Lecturer_19742,19742
Lecturer_19743,19743
Lecturer_19744,19744
Lecturer_19745,19745
Lecturer_19746,19746
Lecturer_19747,19747
Lecturer_19748,19748
Lecturer_19749,19749
Lecturer_19750,19750
Lecturer_19751,19751
Lecturer_19752,19752
Lecturer_19753,19753
Lecturer_19754,19754
Lecturer_19755,19755
Lecturer_19756,19756
Lecturer_19757,19757
Lecturer_19758,19758
Lecturer_19759,19759
Lecturer_19760,19760
Lecturer_19761,19761
Lecturer_19762,19762
Lecturer_19763,19763
Lecturer_19764,19764
Lecturer_19765,19765
Lecturer_19766,19766
Lecturer_19767,19767
Lecturer_19768,19768
Lecturer_19769,19769
Lecturer_19770,19770
Lecturer_19771,19771
Lecturer_19772,19772
Lecturer_19773,19773
Lecturer_19774,19774
Lecturer_19775,19775
Lecturer_19776,19776
Lecturer_19777,19777
Lecturer_19778,19778
Lecturer_19779,19779
Lecturer_19780,19780
Lecturer_19781,19781
Lecturer_19782,19782
Lecturer_19783,19783
Lecturer_19784,19784
Lecturer_19785,19785
Lecturer_19786,19786
Lecturer_19787,19787
Lecturer_19788,19788
Lecturer_19789,19789
Lecturer_19790,19790
Lecturer_19791,19791
Lecturer_19792,19792
Lecturer_19793,19793
Lecturer_19794,19794
Lecturer_19795,19795
Lecturer_19796,19796
Lecturer_19797,19797
Lecturer_19798,19798
Lecturer_19799,19799
Lecturer_19800,19800
Lecturer_19801,19801
Lecturer_19802,19802
Lecturer_19803,19803
Lecturer_19804,19804
Lecturer_19805,19805
Lecturer_19806,19806
Lecturer_19807,19807
Lecturer_19808,19808
Lecturer_19809,19809
Lecturer_19810,19810
Lecturer_19811,19811
Lecturer_19812,19812
Lecturer_19813,19813
Lecturer_19814,19814
Lecturer_19815,19815
Lecturer_19816,19816
Lecturer_19817,19817
Lecturer_19818,19818
Lecturer_19819,19819
Lecturer_19820,19820
Lecturer_19821,19821
Lecturer_19822,19822
Lecturer_19823,19823
Lecturer_19824,19824
Lecturer_19825,19825
Lecturer_19826,19826
Lecturer_19827,19827
Lecturer_19828,19828
Lecturer_19829,19829
Lecturer_19830,19830
Lecturer_19831,19831
Lecturer_19832,19832
Lecturer_19833,19833
Lecturer_19834,19834
Lecturer_19835,19835
Lecturer_19836,19836
Lecturer_19837,19837
Lecturer_19838,19838
Lecturer_19839,19839
Lecturer_19840,19840
Lecturer_19841,19841
Lecturer_19842,19842
Lecturer_19843,19843
Lecturer_19844,19844
Lecturer_19845,19845
Lecturer_19846,19846
Lecturer_19847,19847
Lecturer_19848,19848
Lecturer_19849,19849
Lecturer_19850,19850
Lecturer_19851,19851
Lecturer_19852,19852
Lecturer_19853,19853
Lecturer_19854,19854
Lecturer_19855,19855
Lecturer_19856,19856
Lecturer_19857,19857
Lecturer_19858,19858
Lecturer_19859,19859
Lecturer_19860,19860
Lecturer_19861,19861
Lecturer_19862,19862
Lecturer_19863,19863
Lecturer_19864,19864
Lecturer_19865,19865
Lecturer_19866,19866
Lecturer_19867,19867
Lecturer_19868,19868
Lecturer_19869,19869
Lecturer_19870,19870
Lecturer_19871,19871
Lecturer_19872,19872
Lecturer_19873,19873
Lecturer_19874,19874
Lecturer_19875,19875
Lecturer_19876,19876
Lecturer_19877,19877
Lecturer_19878,19878
Lecturer_19879,19879
Lecturer_19880,19880
Lecturer_19881,19881
Lecturer_19882,19882
Lecturer_19883,19883
Lecturer_19884,19884
Lecturer_19885,19885
Lecturer_19886,19886
Lecturer_19887,19887
Lecturer_19888,19888
Lecturer_19889,19889
Lecturer_19890,19890
Lecturer_19891,19891
Lecturer_19892,19892
Lecturer_19893,19893
Lecturer_19894,19894
Lecturer_19895,19895
Lecturer_19896,19896
Lecturer_19897,19897
Lecturer_19898,19898
Lecturer_19899,19899
Lecturer_19900,19900
Lecturer_19901,19901
Lecturer_19902,19902
Lecturer_19903,19903
Lecturer_19904,19904
Lecturer_19905,19905
Lecturer_19906,19906
Lecturer_19907,19907
Lecturer_19908,19908
Lecturer_19909,19909
Lecturer_19910,19910
Lecturer_19911,19911
Lecturer_19912,19912
Lecturer_19913,19913
Lecturer_19914,19914
Lecturer_19915,19915
Lecturer_19916,19916
Lecturer_19917,19917
Lecturer_19918,19918
Lecturer_19919,19919
Lecturer_19920,19920
Lecturer_19921,19921
Lecturer_19922,19922
Lecturer_19923,19923
Lecturer_19924,19924
Lecturer_19925,19925
Lecturer_19926,19926
Lecturer_19927,19927
Lecturer_19928,19928
Lecturer_19929,19929
Lecturer_19930,19930
Lecturer_19931,19931
Lecturer_19932,19932
Lecturer_19933,19933
Lecturer_19934,19934
Lecturer_19935,19935
Lecturer_19936,19936
Lecturer_19937,19937
Lecturer_19938,19938
Lecturer_19939,19939
Lecturer_19940,19940
Lecturer_19941,19941
Lecturer_19942,19942
Lecturer_19943,19943
Lecturer_19944,19944
Lecturer_19945,19945
Lecturer_19946,19946
Lecturer_19947,19947
Lecturer_19948,19948
Lecturer_19949,19949
Lecturer_19950,19950
Lecturer_19951,19951
Lecturer_19952,19952
Lecturer_19953,19953
Lecturer_19954,19954
Lecturer_19955,19955
Lecturer_19956,19956
Lecturer_19957,19957
Lecturer_19958,19958
Lecturer_19959,19959
Lecturer_19960,19960
Lecturer_19961,19961
Lecturer_19962,19962
Lecturer_19963,19963
Lecturer_19964,19964
Lecturer_19965,19965
Lecturer_19966,19966
Lecturer_19967,19967
Lecturer_19968,19968
Lecturer_19969,19969
Lecturer_19970,19970
Lecturer_19971,19971
Lecturer_19972,19972
Lecturer_19973,19973
Lecturer_19974,19974
Lecturer_19975,19975
Lecturer_19976,19976
Lecturer_19977,19977
Lecturer_19978,19978
Lecturer_19979,19979
Lecturer_19980,19980
Lecturer_19981,19981
Lecturer_19982,19982
Lecturer_19983,19983
Lecturer_19984,19984
Lecturer_19985,19985
Lecturer_19986,19986
Lecturer_19987,19987
Lecturer_19988,19988
Lecturer_19989,19989
Lecturer_19990,19990
Lecturer_19991,19991
Lecturer_19992,19992
Lecturer_19993,19993
Lecturer_19994,19994
Lecturer_19995,19995
Lecturer_19996,19996
Lecturer_19997,19997
Lecturer_19998,19998
Lecturer_19999,19999
Lecturer_20000,20000
Lecturer_20001,20001
Lecturer_20002,20002
Lecturer_20003,20003
Lecturer_20004,20004
Lecturer_20005,20005
Lecturer_20006,20006
Lecturer_20007,20007
Lecturer_20008,20008
Lecturer_20009,20009
Lecturer_20010,20010
Lecturer_20011,20011
Lecturer_20012,20012
Lecturer_20013,20013
Lecturer_20014,20014
Lecturer_20015,20015
Lecturer_20016,20016
Lecturer_20017,20017
Lecturer_20018,20018
Lecturer_20019,20019
Lecturer_20020,20020
Lecturer_20021,20021
Lecturer_20022,20022
Lecturer_20023,20023
Lecturer_20024,20024
Lecturer_20025,20025
Lecturer_20026,20026
Lecturer_20027,20027
Lecturer_20028,20028
Lecturer_20029,20029
Lecturer_20030,20030
Lecturer_20031,20031
Lecturer_20032,20032
Lecturer_20033,20033
Lecturer_20034,20034
Lecturer_20035,20035
Lecturer_20036,20036
Lecturer_20037,20037
Lecturer_20038,20038
Lecturer_20039,20039
Lecturer_20040,20040
Lecturer_20041,20041
Lecturer_20042,20042
Lecturer_20043,20043
Lecturer_20044,20044
Lecturer_20045,20045
Lecturer_20046,20046
Lecturer_20047,20047
Lecturer_20048,20048
Lecturer_20049,20049
Lecturer_20050,20050
Lecturer_20051,20051
Lecturer_20052,20052
Lecturer_20053,20053
Lecturer_20054,20054
Lecturer_20055,20055
Lecturer_20056,20056
Lecturer_20057,20057
Lecturer_20058,20058
Lecturer_20059,20059
Lecturer_20060,20060
Lecturer_20061,20061
Lecturer_20062,20062
Lecturer_20063,20063
Lecturer_20064,20064
Lecturer_20065,20065
Lecturer_20066,20066
Lecturer_20067,20067
Lecturer_20068,20068
Lecturer_20069,20069
Lecturer_20070,20070
Lecturer_20071,20071
Lecturer_20072,20072
Lecturer_20073,20073
Lecturer_20074,20074
Lecturer_20075,20075
Lecturer_20076,20076
Lecturer_20077,20077
Lecturer_20078,20078
Lecturer_20079,20079
Lecturer_20080,20080
Lecturer_20081,20081
Lecturer_20082,20082
Lecturer_20083,20083
Lecturer_20084,20084
Lecturer_20085,20085
Lecturer_20086,20086
Lecturer_20087,20087
Lecturer_20088,20088
Lecturer_20089,20089
Lecturer_20090,20090
Lecturer_20091,20091
Lecturer_20092,20092
Lecturer_20093,20093
Lecturer_20094,20094
Lecturer_20095,20095
Lecturer_20096,20096
Lecturer_20097,20097
Lecturer_20098,20098
Lecturer_20099,20099
Lecturer_20100,20100
Lecturer_20101,20101
Lecturer_20102,20102
Lecturer_20103,20103
Lecturer_20104,20104
Lecturer_20105,20105
Lecturer_20106,20106
Lecturer_20107,20107
Lecturer_20108,20108
Lecturer_20109,20109
Lecturer_20110,20110
Lecturer_20111,20111
Lecturer_20112,20112
Lecturer_20113,20113
Lecturer_20114,20114
Lecturer_20115,20115
Lecturer_20116,20116
Lecturer_20117,20117
Lecturer_20118,20118
Lecturer_20119,20119
Lecturer_20120,20120
Lecturer_20121,20121
Lecturer_20122,20122
Lecturer_20123,20123
Lecturer_20124,20124
Lecturer_20125,20125
Lecturer_20126,20126
Lecturer_20127,20127
Lecturer_20128,20128
Lecturer_20129,20129
Lecturer_20130,20130
Lecturer_20131,20131
Lecturer_20132,20132
Lecturer_20133,20133
Lecturer_20134,20134
Lecturer_20135,20135
Lecturer_20136,20136
Lecturer_20137,20137
Lecturer_20138,20138
Lecturer_20139,20139
Lecturer_20140,20140
Lecturer_20141,20141
Lecturer_20142,20142
Lecturer_20143,20143
Lecturer_20144,20144
Lecturer_20145,20145
Lecturer_20146,20146
Lecturer_20147,20147
Lecturer_20148,20148
Lecturer_20149,20149
Lecturer_20150,20150
Lecturer_20151,20151
Lecturer_20152,20152
Lecturer_20153,20153
Lecturer_20154,20154
Lecturer_20155,20155
Lecturer_20156,20156
Lecturer_20157,20157
Lecturer_20158,20158
Lecturer_20159,20159
Lecturer_20160,20160
Lecturer_20161,20161
Lecturer_20162,20162
Lecturer_20163,20163
Lecturer_20164,20164
Lecturer_20165,20165
Lecturer_20166,20166
Lecturer_20167,20167
Lecturer_20168,20168
Lecturer_20169,20169
Lecturer_20170,20170
Lecturer_20171,20171
Lecturer_20172,20172
Lecturer_20173,20173
Lecturer_20174,20174
Lecturer_20175,20175
Lecturer_20176,20176
Lecturer_20177,20177
Lecturer_20178,20178
Lecturer_20179,20179
Lecturer_20180,20180
Lecturer_20181,20181
Lecturer_20182,20182
Lecturer_20183,20183
Lecturer_20184,20184
Lecturer_20185,20185
Lecturer_20186,20186
Lecturer_20187,20187
Lecturer_20188,20188
Lecturer_20189,20189
Lecturer_20190,20190
Lecturer_20191,20191
Lecturer_20192,20192
Lecturer_20193,20193
Lecturer_20194,20194
Lecturer_20195,20195
Lecturer_20196,20196
Lecturer_20197,20197
Lecturer_20198,20198
Lecturer_20199,20199
Lecturer_20200,20200
Lecturer_20201,20201
Lecturer_20202,20202
Lecturer_20203,20203
Lecturer_20204,20204
Lecturer_20205,20205
Lecturer_20206,20206
Lecturer_20207,20207
Lecturer_20208,20208
Lecturer_20209,20209
Lecturer_20210,20210
Lecturer_20211,20211
Lecturer_20212,20212
Lecturer_20213,20213
Lecturer_20214,20214
Lecturer_20215,20215
Lecturer_20216,20216
Lecturer_20217,20217
Lecturer_20218,20218
Lecturer_20219,20219
Lecturer_20220,20220
Lecturer_20221,20221
Lecturer_20222,20222
Lecturer_20223,20223
Lecturer_20224,20224
Lecturer_20225,20225
Lecturer_20226,20226
Lecturer_20227,20227
Lecturer_20228,20228
Lecturer_20229,20229
Lecturer_20230,20230
Lecturer_20231,20231
Lecturer_20232,20232
Lecturer_20233,20233
Lecturer_20234,20234
Lecturer_20235,20235
Lecturer_20236,20236
Lecturer_20237,20237
Lecturer_20238,20238
Lecturer_20239,20239
Lecturer_20240,20240
Lecturer_20241,20241
Lecturer_20242,20242
Lecturer_20243,20243
Lecturer_20244,20244
Lecturer_20245,20245
Lecturer_20246,20246
Lecturer_20247,20247
Lecturer_20248,20248
Lecturer_20249,20249
Lecturer_20250,20250
Lecturer_20251,20251
Lecturer_20252,20252
Lecturer_20253,20253
Lecturer_20254,20254
Lecturer_20255,20255
Lecturer_20256,20256
Lecturer_20257,20257
Lecturer_20258,20258
Lecturer_20259,20259
Lecturer_20260,20260
Lecturer_20261,20261
Lecturer_20262,20262
Lecturer_20263,20263
Lecturer_20264,20264
Lecturer_20265,20265
Lecturer_20266,20266
Lecturer_20267,20267
Lecturer_20268,20268
Lecturer_20269,20269
Lecturer_20270,20270
Lecturer_20271,20271
Lecturer_20272,20272
Lecturer_20273,20273
Lecturer_20274,20274
Lecturer_20275,20275
Lecturer_20276,20276
Lecturer_20277,20277
Lecturer_20278,20278
Lecturer_20279,20279
Lecturer_20280,20280
Lecturer_20281,20281
Lecturer_20282,20282
Lecturer_20283,20283
Lecturer_20284,20284
Lecturer_20285,20285
Lecturer_20286,20286
Lecturer_20287,20287
Lecturer_20288,20288
Lecturer_20289,20289
Lecturer_20290,20290
Lecturer_20291,20291
Lecturer_20292,20292
Lecturer_20293,20293
Lecturer_20294,20294
Lecturer_20295,20295
Lecturer_20296,20296
Lecturer_20297,20297
Lecturer_20298,20298
Lecturer_20299,20299
Lecturer_20300,20300
Lecturer_20301,20301
Lecturer_20302,20302
Lecturer_20303,20303
Lecturer_20304,20304
Lecturer_20305,20305
Lecturer_20306,20306
Lecturer_20307,20307
Lecturer_20308,20308
Lecturer_20309,20309
Lecturer_20310,20310
Lecturer_20311,20311
Lecturer_20312,20312
Lecturer_20313,20313
Lecturer_20314,20314
Lecturer_20315,20315
Lecturer_20316,20316
Lecturer_20317,20317
Lecturer_20318,20318
Lecturer_20319,20319
Lecturer_20320,20320
Lecturer_20321,20321
Lecturer_20322,20322
Lecturer_20323,20323
Lecturer_20324,20324
Lecturer_20325,20325
Lecturer_20326,20326
Lecturer_20327,20327
Lecturer_20328,20328
Lecturer_20329,20329
Lecturer_20330,20330
Lecturer_20331,20331
Lecturer_20332,20332
Lecturer_20333,20333
Lecturer_20334,20334
Lecturer_20335,20335
Lecturer_20336,20336
Lecturer_20337,20337
Lecturer_20338,20338
Lecturer_20339,20339
Lecturer_20340,20340
Lecturer_20341,20341
Lecturer_20342,20342
Lecturer_20343,20343
Lecturer_20344,20344
Lecturer_20345,20345
Lecturer_20346,20346
Lecturer_20347,20347
Lecturer_20348,20348
Lecturer_20349,20349
Lecturer_20350,20350
Lecturer_20351,20351
Lecturer_20352,20352
Lecturer_20353,20353
Lecturer_20354,20354
Lecturer_20355,20355
Lecturer_20356,20356
Lecturer_20357,20357
Lecturer_20358,20358
Lecturer_20359,20359
Lecturer_20360,20360
Lecturer_20361,20361
Lecturer_20362,20362
Lecturer_20363,20363
Lecturer_20364,20364
Lecturer_20365,20365
Lecturer_20366,20366
Lecturer_20367,20367
Lecturer_20368,20368
Lecturer_20369,20369
Lecturer_20370,20370
Lecturer_20371,20371
Lecturer_20372,20372
Lecturer_20373,20373
Lecturer_20374,20374
Lecturer_20375,20375
Lecturer_20376,20376
Lecturer_20377,20377
Lecturer_20378,20378
Lecturer_20379,20379
Lecturer_20380,20380
Lecturer_20381,20381
Lecturer_20382,20382
Lecturer_20383,20383
Lecturer_20384,20384
Lecturer_20385,20385
Lecturer_20386,20386
Lecturer_20387,20387
Lecturer_20388,20388
Lecturer_20389,20389
Lecturer_20390,20390
Lecturer_20391,20391
Lecturer_20392,20392
Lecturer_20393,20393
Lecturer_20394,20394
Lecturer_20395,20395
Lecturer_20396,20396
Lecturer_20397,20397
Lecturer_20398,20398
Lecturer_20399,20399
Lecturer_20400,20400
Lecturer_20401,20401
Lecturer_20402,20402
Lecturer_20403,20403
Lecturer_20404,20404
Lecturer_20405,20405
Lecturer_20406,20406
Lecturer_20407,20407
Lecturer_20408,20408
Lecturer_20409,20409
Lecturer_20410,20410
Lecturer_20411,20411
Lecturer_20412,20412
Lecturer_20413,20413
Lecturer_20414,20414
Lecturer_20415,20415
Lecturer_20416,20416
Lecturer_20417,20417
Lecturer_20418,20418
Lecturer_20419,20419
Lecturer_20420,20420
Lecturer_20421,20421
Lecturer_20422,20422
Lecturer_20423,20423
Lecturer_20424,20424
Lecturer_20425,20425
Lecturer_20426,20426
Lecturer_20427,20427
Lecturer_20428,20428
Lecturer_20429,20429
Lecturer_20430,20430
Lecturer_20431,20431
Lecturer_20432,20432
Lecturer_20433,20433
Lecturer_20434,20434
Lecturer_20435,20435
Lecturer_20436,20436
Lecturer_20437,20437
Lecturer_20438,20438
Lecturer_20439,20439
Lecturer_20440,20440
Lecturer_20441,20441
Lecturer_20442,20442
Lecturer_20443,20443
Lecturer_20444,20444
Lecturer_20445,20445
Lecturer_20446,20446
Lecturer_20447,20447
Lecturer_20448,20448
Lecturer_20449,20449
Lecturer_20450,20450
Lecturer_20451,20451
Lecturer_20452,20452
Lecturer_20453,20453
Lecturer_20454,20454
Lecturer_20455,20455
Lecturer_20456,20456
Lecturer_20457,20457
Lecturer_20458,20458
Lecturer_20459,20459
Lecturer_20460,20460
Lecturer_20461,20461
Lecturer_20462,20462
Lecturer_20463,20463
Lecturer_20464,20464
Lecturer_20465,20465
Lecturer_20466,20466
Lecturer_20467,20467
Lecturer_20468,20468
Lecturer_20469,20469
Lecturer_20470,20470
Lecturer_20471,20471
Lecturer_20472,20472
Lecturer_20473,20473
Lecturer_20474,20474
Lecturer_20475,20475
Lecturer_20476,20476
Lecturer_20477,20477
Lecturer_20478,20478
Lecturer_20479,20479
Lecturer_20480,20480
Lecturer_20481,20481
Lecturer_20482,20482
Lecturer_20483,20483
Lecturer_20484,20484
Lecturer_20485,20485
Lecturer_20486,20486
Lecturer_20487,20487
Lecturer_20488,20488
Lecturer_20489,20489
Lecturer_20490,20490
Lecturer_20491,20491
Lecturer_20492,20492
Lecturer_20493,20493
Lecturer_20494,20494
Lecturer_20495,20495
Lecturer_20496,20496
Lecturer_20497,20497
Lecturer_20498,20498
Lecturer_20499,20499
Lecturer_20500,20500
Lecturer_20501,20501
Lecturer_20502,20502
Lecturer_20503,20503
Lecturer_20504,20504
Lecturer_20505,20505
Lecturer_20506,20506
Lecturer_20507,20507
Lecturer_20508,20508
Lecturer_20509,20509
Lecturer_20510,20510
Lecturer_20511,20511
Lecturer_20512,20512
Lecturer_20513,20513
Lecturer_20514,20514
Lecturer_20515,20515
Lecturer_20516,20516
Lecturer_20517,20517
Lecturer_20518,20518
Lecturer_20519,20519
Lecturer_20520,20520
Lecturer_20521,20521
Lecturer_20522,20522
Lecturer_20523,20523
Lecturer_20524,20524
Lecturer_20525,20525
Lecturer_20526,20526
Lecturer_20527,20527
Lecturer_20528,20528
Lecturer_20529,20529
Lecturer_20530,20530
Lecturer_20531,20531
Lecturer_20532,20532
Lecturer_20533,20533
Lecturer_20534,20534
Lecturer_20535,20535
Lecturer_20536,20536
Lecturer_20537,20537
Lecturer_20538,20538
Lecturer_20539,20539
Lecturer_20540,20540
Lecturer_20541,20541
Lecturer_20542,20542
Lecturer_20543,20543
Lecturer_20544,20544
Lecturer_20545,20545
Lecturer_20546,20546
Lecturer_20547,20547
Lecturer_20548,20548
Lecturer_20549,20549
Lecturer_20550,20550
Lecturer_20551,20551
Lecturer_20552,20552
Lecturer_20553,20553
Lecturer_20554,20554
Lecturer_20555,20555
Lecturer_20556,20556
Lecturer_20557,20557
Lecturer_20558,20558
Lecturer_20559,20559
Lecturer_20560,20560
Lecturer_20561,20561
Lecturer_20562,20562
Lecturer_20563,20563
Lecturer_20564,20564
Lecturer_20565,20565
Lecturer_20566,20566
Lecturer_20567,20567
Lecturer_20568,20568
Lecturer_20569,20569
Lecturer_20570,20570
Lecturer_20571,20571
Lecturer_20572,20572
Lecturer_20573,20573
Lecturer_20574,20574
Lecturer_20575,20575
Lecturer_20576,20576
Lecturer_20577,20577
Lecturer_20578,20578
Lecturer_20579,20579
Lecturer_20580,20580
Lecturer_20581,20581
Lecturer_20582,20582
Lecturer_20583,20583
Lecturer_20584,20584
Lecturer_20585,20585
Lecturer_20586,20586
Lecturer_20587,20587
Lecturer_20588,20588
Lecturer_20589,20589
Lecturer_20590,20590
Lecturer_20591,20591
Lecturer_20592,20592
Lecturer_20593,20593
Lecturer_20594,20594
Lecturer_20595,20595
Lecturer_20596,20596
Lecturer_20597,20597
Lecturer_20598,20598
Lecturer_20599,20599
Lecturer_20600,20600
Lecturer_20601,20601
Lecturer_20602,20602
Lecturer_20603,20603
Lecturer_20604,20604
Lecturer_20605,20605
Lecturer_20606,20606
Lecturer_20607,20607
Lecturer_20608,20608
Lecturer_20609,20609
Lecturer_20610,20610
Lecturer_20611,20611
Lecturer_20612,20612
Lecturer_20613,20613
Lecturer_20614,20614
Lecturer_20615,20615
Lecturer_20616,20616
Lecturer_20617,20617
Lecturer_20618,20618
Lecturer_20619,20619
Lecturer_20620,20620
Lecturer_20621,20621
Lecturer_20622,20622
Lecturer_20623,20623
Lecturer_20624,20624
Lecturer_20625,20625
Lecturer_20626,20626
Lecturer_20627,20627
Lecturer_20628,20628
Lecturer_20629,20629
Lecturer_20630,20630
Lecturer_20631,20631
Lecturer_20632,20632
Lecturer_20633,20633
Lecturer_20634,20634
Lecturer_20635,20635
Lecturer_20636,20636
Lecturer_20637,20637
Lecturer_20638,20638
Lecturer_20639,20639
Lecturer_20640,20640
Lecturer_20641,20641
Lecturer_20642,20642
Lecturer_20643,20643
Lecturer_20644,20644
Lecturer_20645,20645
Lecturer_20646,20646
Lecturer_20647,20647
Lecturer_20648,20648
Lecturer_20649,20649
Lecturer_20650,20650
Lecturer_20651,20651
Lecturer_20652,20652
Lecturer_20653,20653
Lecturer_20654,20654
Lecturer_20655,20655
Lecturer_20656,20656
Lecturer_20657,20657
Lecturer_20658,20658
Lecturer_20659,20659
Lecturer_20660,20660
Lecturer_20661,20661
Lecturer_20662,20662
Lecturer_20663,20663
Lecturer_20664,20664
Lecturer_20665,20665
Lecturer_20666,20666
Lecturer_20667,20667
Lecturer_20668,20668
Lecturer_20669,20669
Lecturer_20670,20670
Lecturer_20671,20671
Lecturer_20672,20672
Lecturer_20673,20673
Lecturer_20674,20674
Lecturer_20675,20675
Lecturer_20676,20676
Lecturer_20677,20677
Lecturer_20678,20678
Lecturer_20679,20679
Lecturer_20680,20680
Lecturer_20681,20681
Lecturer_20682,20682
Lecturer_20683,20683
Lecturer_20684,20684
Lecturer_20685,20685
Lecturer_20686,20686
Lecturer_20687,20687
Lecturer_20688,20688
Lecturer_20689,20689
Lecturer_20690,20690
Lecturer_20691,20691
Lecturer_20692,20692
Lecturer_20693,20693
Lecturer_20694,20694
Lecturer_20695,20695
Lecturer_20696,20696
Lecturer_20697,20697
Lecturer_20698,20698
Lecturer_20699,20699
Lecturer_20700,20700
Lecturer_20701,20701
Lecturer_20702,20702
Lecturer_20703,20703
Lecturer_20704,20704
Lecturer_20705,20705
Lecturer_20706,20706
Lecturer_20707,20707
Lecturer_20708,20708
Lecturer_20709,20709
Lecturer_20710,20710
Lecturer_20711,20711
Lecturer_20712,20712
Lecturer_20713,20713
Lecturer_20714,20714
Lecturer_20715,20715
Lecturer_20716,20716
Lecturer_20717,20717
Lecturer_20718,20718
Lecturer_20719,20719
Lecturer_20720,20720
Lecturer_20721,20721
Lecturer_20722,20722
Lecturer_20723,20723
Lecturer_20724,20724
Lecturer_20725,20725
Lecturer_20726,20726
Lecturer_20727,20727
Lecturer_20728,20728
Lecturer_20729,20729
Lecturer_20730,20730
Lecturer_20731,20731
Lecturer_20732,20732
Lecturer_20733,20733
Lecturer_20734,20734
Lecturer_20735,20735
Lecturer_20736,20736
Lecturer_20737,20737
Lecturer_20738,20738
Lecturer_20739,20739
Lecturer_20740,20740
Lecturer_20741,20741
Lecturer_20742,20742
Lecturer_20743,20743
Lecturer_20744,20744
Lecturer_20745,20745
Lecturer_20746,20746
Lecturer_20747,20747
Lecturer_20748,20748
Lecturer_20749,20749
Lecturer_20750,20750
Lecturer_20751,20751
Lecturer_20752,20752
Lecturer_20753,20753
Lecturer_20754,20754
Lecturer_20755,20755
Lecturer_20756,20756
Lecturer_20757,20757
Lecturer_20758,20758
Lecturer_20759,20759
Lecturer_20760,20760
Lecturer_20761,20761
Lecturer_20762,20762
Lecturer_20763,20763
Lecturer_20764,20764
Lecturer_20765,20765
Lecturer_20766,20766
Lecturer_20767,20767
Lecturer_20768,20768
Lecturer_20769,20769
Lecturer_20770,20770
Lecturer_20771,20771
Lecturer_20772,20772
Lecturer_20773,20773
Lecturer_20774,20774
Lecturer_20775,20775
Lecturer_20776,20776
Lecturer_20777,20777
Lecturer_20778,20778
Lecturer_20779,20779
Lecturer_20780,20780
Lecturer_20781,20781
Lecturer_20782,20782
Lecturer_20783,20783
Lecturer_20784,20784
Lecturer_20785,20785
Lecturer_20786,20786
Lecturer_20787,20787
Lecturer_20788,20788
Lecturer_20789,20789
Lecturer_20790,20790
Lecturer_20791,20791
Lecturer_20792,20792
Lecturer_20793,20793
Lecturer_20794,20794
Lecturer_20795,20795
Lecturer_20796,20796
Lecturer_20797,20797
Lecturer_20798,20798
Lecturer_20799,20799
Lecturer_20800,20800
Lecturer_20801,20801
Lecturer_20802,20802
Lecturer_20803,20803
Lecturer_20804,20804
Lecturer_20805,20805
Lecturer_20806,20806
Lecturer_20807,20807
Lecturer_20808,20808
Lecturer_20809,20809
Lecturer_20810,20810
Lecturer_20811,20811
Lecturer_20812,20812
Lecturer_20813,20813
Lecturer_20814,20814
Lecturer_20815,20815
Lecturer_20816,20816
Lecturer_20817,20817
Lecturer_20818,20818
Lecturer_20819,20819
Lecturer_20820,20820
Lecturer_20821,20821
Lecturer_20822,20822
Lecturer_20823,20823
Lecturer_20824,20824
Lecturer_20825,20825
Lecturer_20826,20826
Lecturer_20827,20827
Lecturer_20828,20828
Lecturer_20829,20829
Lecturer_20830,20830
Lecturer_20831,20831
Lecturer_20832,20832
Lecturer_20833,20833
Lecturer_20834,20834
Lecturer_20835,20835
Lecturer_20836,20836
Lecturer_20837,20837
Lecturer_20838,20838
Lecturer_20839,20839
Lecturer_20840,20840
Lecturer_20841,20841
Lecturer_20842,20842
Lecturer_20843,20843
Lecturer_20844,20844
Lecturer_20845,20845
Lecturer_20846,20846
Lecturer_20847,20847
Lecturer_20848,20848
Lecturer_20849,20849
Lecturer_20850,20850
Lecturer_20851,20851
Lecturer_20852,20852
Lecturer_20853,20853
Lecturer_20854,20854
Lecturer_20855,20855
Lecturer_20856,20856
Lecturer_20857,20857
Lecturer_20858,20858
Lecturer_20859,20859
Lecturer_20860,20860
Lecturer_20861,20861
Lecturer_20862,20862
Lecturer_20863,20863
Lecturer_20864,20864
Lecturer_20865,20865
Lecturer_20866,20866
Lecturer_20867,20867
Lecturer_20868,20868
Lecturer_20869,20869
Lecturer_20870,20870
Lecturer_20871,20871
Lecturer_20872,20872
Lecturer_20873,20873
Lecturer_20874,20874
Lecturer_20875,20875
Lecturer_20876,20876
Lecturer_20877,20877
Lecturer_20878,20878
Lecturer_20879,20879
Lecturer_20880,20880
Lecturer_20881,20881
Lecturer_20882,20882
Lecturer_20883,20883
Lecturer_20884,20884
Lecturer_20885,20885
Lecturer_20886,20886
Lecturer_20887,20887
Lecturer_20888,20888
Lecturer_20889,20889
Lecturer_20890,20890
Lecturer_20891,20891
Lecturer_20892,20892
Lecturer_20893,20893
Lecturer_20894,20894
Lecturer_20895,20895
Lecturer_20896,20896
Lecturer_20897,20897
Lecturer_20898,20898
Lecturer_20899,20899
Lecturer_20900,20900
Lecturer_20901,20901
Lecturer_20902,20902
Lecturer_20903,20903
Lecturer_20904,20904
Lecturer_20905,20905
Lecturer_20906,20906
Lecturer_20907,20907
Lecturer_20908,20908
Lecturer_20909,20909
Lecturer_20910,20910
Lecturer_20911,20911
Lecturer_20912,20912
Lecturer_20913,20913
Lecturer_20914,20914
Lecturer_20915,20915
Lecturer_20916,20916
Lecturer_20917,20917
Lecturer_20918,20918
Lecturer_20919,20919
Lecturer_20920,20920
Lecturer_20921,20921
Lecturer_20922,20922
Lecturer_20923,20923
Lecturer_20924,20924
Lecturer_20925,20925
Lecturer_20926,20926
Lecturer_20927,20927
Lecturer_20928,20928
Lecturer_20929,20929
Lecturer_20930,20930
Lecturer_20931,20931
Lecturer_20932,20932
Lecturer_20933,20933
Lecturer_20934,20934
Lecturer_20935,20935
Lecturer_20936,20936
Lecturer_20937,20937
Lecturer_20938,20938
Lecturer_20939,20939
Lecturer_20940,20940
Lecturer_20941,20941
Lecturer_20942,20942
Lecturer_20943,20943
Lecturer_20944,20944
Lecturer_20945,20945
Lecturer_20946,20946
Lecturer_20947,20947
Lecturer_20948,20948
Lecturer_20949,20949
Lecturer_20950,20950
Lecturer_20951,20951
Lecturer_20952,20952
Lecturer_20953,20953
Lecturer_20954,20954
Lecturer_20955,20955
Lecturer_20956,20956
Lecturer_20957,20957
Lecturer_20958,20958
Lecturer_20959,20959
Lecturer_20960,20960
Lecturer_20961,20961
Lecturer_20962,20962
Lecturer_20963,20963
Lecturer_20964,20964
Lecturer_20965,20965
Lecturer_20966,20966
Lecturer_20967,20967
Lecturer_20968,20968
Lecturer_20969,20969
Lecturer_20970,20970
Lecturer_20971,20971
Lecturer_20972,20972
Lecturer_20973,20973
Lecturer_20974,20974
Lecturer_20975,20975
Lecturer_20976,20976
Lecturer_20977,20977
Lecturer_20978,20978
Lecturer_20979,20979
Lecturer_20980,20980
Lecturer_20981,20981
Lecturer_20982,20982
Lecturer_20983,20983
Lecturer_20984,20984
Lecturer_20985,20985
Lecturer_20986,20986
Lecturer_20987,20987
Lecturer_20988,20988
Lecturer_20989,20989
Lecturer_20990,20990
Lecturer_20991,20991
Lecturer_20992,20992
Lecturer_20993,20993
Lecturer_20994,20994
Lecturer_20995,20995
Lecturer_20996,20996
Lecturer_20997,20997
Lecturer_20998,20998
Lecturer_20999,20999
Lecturer_21000,21000
Lecturer_21001,21001
Lecturer_21002,21002
Lecturer_21003,21003
Lecturer_21004,21004
Lecturer_21005,21005
Lecturer_21006,21006
Lecturer_21007,21007
Lecturer_21008,21008
Lecturer_21009,21009
Lecturer_21010,21010
Lecturer_21011,21011
Lecturer_21012,21012
Lecturer_21013,21013
Lecturer_21014,21014
Lecturer_21015,21015
Lecturer_21016,21016
Lecturer_21017,21017
Lecturer_21018,21018
Lecturer_21019,21019
Lecturer_21020,21020
Lecturer_21021,21021
Lecturer_21022,21022
Lecturer_21023,21023
Lecturer_21024,21024
Lecturer_21025,21025
Lecturer_21026,21026
Lecturer_21027,21027
Lecturer_21028,21028
Lecturer_21029,21029
Lecturer_21030,21030
Lecturer_21031,21031
Lecturer_21032,21032
Lecturer_21033,21033
Lecturer_21034,21034
Lecturer_21035,21035
Lecturer_21036,21036
Lecturer_21037,21037
Lecturer_21038,21038
Lecturer_21039,21039
Lecturer_21040,21040
Lecturer_21041,21041
Lecturer_21042,21042
Lecturer_21043,21043
Lecturer_21044,21044
Lecturer_21045,21045
Lecturer_21046,21046
Lecturer_21047,21047
Lecturer_21048,21048
Lecturer_21049,21049
Lecturer_21050,21050
Lecturer_21051,21051
Lecturer_21052,21052
Lecturer_21053,21053
Lecturer_21054,21054
Lecturer_21055,21055
Lecturer_21056,21056
Lecturer_21057,21057
Lecturer_21058,21058
Lecturer_21059,21059
Lecturer_21060,21060
Lecturer_21061,21061
Lecturer_21062,21062
Lecturer_21063,21063
Lecturer_21064,21064
Lecturer_21065,21065
Lecturer_21066,21066
Lecturer_21067,21067
Lecturer_21068,21068
Lecturer_21069,21069
Lecturer_21070,21070
Lecturer_21071,21071
Lecturer_21072,21072
Lecturer_21073,21073
Lecturer_21074,21074
Lecturer_21075,21075
Lecturer_21076,21076
Lecturer_21077,21077
Lecturer_21078,21078
Lecturer_21079,21079
Lecturer_21080,21080
Lecturer_21081,21081
Lecturer_21082,21082
Lecturer_21083,21083
Lecturer_21084,21084
Lecturer_21085,21085
Lecturer_21086,21086
Lecturer_21087,21087
Lecturer_21088,21088
Lecturer_21089,21089
Lecturer_21090,21090
Lecturer_21091,21091
Lecturer_21092,21092
Lecturer_21093,21093
Lecturer_21094,21094
Lecturer_21095,21095
Lecturer_21096,21096
Lecturer_21097,21097
Lecturer_21098,21098
Lecturer_21099,21099
Lecturer_21100,21100
Lecturer_21101,21101
Lecturer_21102,21102
Lecturer_21103,21103
Lecturer_21104,21104
Lecturer_21105,21105
Lecturer_21106,21106
Lecturer_21107,21107
Lecturer_21108,21108
Lecturer_21109,21109
Lecturer_21110,21110
Lecturer_21111,21111
Lecturer_21112,21112
Lecturer_21113,21113
Lecturer_21114,21114
Lecturer_21115,21115
Lecturer_21116,21116
Lecturer_21117,21117
Lecturer_21118,21118
Lecturer_21119,21119
Lecturer_21120,21120
Lecturer_21121,21121
Lecturer_21122,21122
Lecturer_21123,21123
Lecturer_21124,21124
Lecturer_21125,21125
Lecturer_21126,21126
Lecturer_21127,21127
Lecturer_21128,21128
Lecturer_21129,21129
Lecturer_21130,21130
Lecturer_21131,21131
Lecturer_21132,21132
Lecturer_21133,21133
Lecturer_21134,21134
Lecturer_21135,21135
Lecturer_21136,21136
Lecturer_21137,21137
Lecturer_21138,21138
Lecturer_21139,21139
Lecturer_21140,21140
Lecturer_21141,21141
Lecturer_21142,21142
Lecturer_21143,21143
Lecturer_21144,21144
Lecturer_21145,21145
Lecturer_21146,21146
Lecturer_21147,21147
Lecturer_21148,21148
Lecturer_21149,21149
Lecturer_21150,21150
Lecturer_21151,21151
Lecturer_21152,21152
Lecturer_21153,21153
Lecturer_21154,21154
Lecturer_21155,21155
Lecturer_21156,21156
Lecturer_21157,21157
Lecturer_21158,21158
Lecturer_21159,21159
Lecturer_21160,21160
Lecturer_21161,21161
Lecturer_21162,21162
Lecturer_21163,21163
Lecturer_21164,21164
Lecturer_21165,21165
Lecturer_21166,21166
Lecturer_21167,21167
Lecturer_21168,21168
Lecturer_21169,21169
Lecturer_21170,21170
Lecturer_21171,21171
Lecturer_21172,21172
Lecturer_21173,21173
Lecturer_21174,21174
Lecturer_21175,21175
Lecturer_21176,21176
Lecturer_21177,21177
Lecturer_21178,21178
Lecturer_21179,21179
Lecturer_21180,21180
Lecturer_21181,21181
Lecturer_21182,21182
Lecturer_21183,21183
Lecturer_21184,21184
Lecturer_21185,21185
Lecturer_21186,21186
Lecturer_21187,21187
Lecturer_21188,21188
Lecturer_21189,21189
Lecturer_21190,21190
Lecturer_21191,21191
Lecturer_21192,21192
Lecturer_21193,21193
Lecturer_21194,21194
Lecturer_21195,21195
Lecturer_21196,21196
Lecturer_21197,21197
Lecturer_21198,21198
Lecturer_21199,21199
Lecturer_21200,21200
Lecturer_21201,21201
Lecturer_21202,21202
Lecturer_21203,21203
Lecturer_21204,21204
Lecturer_21205,21205
Lecturer_21206,21206
Lecturer_21207,21207
Lecturer_21208,21208
Lecturer_21209,21209
Lecturer_21210,21210
Lecturer_21211,21211
Lecturer_21212,21212
Lecturer_21213,21213
Lecturer_21214,21214
Lecturer_21215,21215
Lecturer_21216,21216
Lecturer_21217,21217
Lecturer_21218,21218
Lecturer_21219,21219
Lecturer_21220,21220
Lecturer_21221,21221
Lecturer_21222,21222
Lecturer_21223,21223
Lecturer_21224,21224
Lecturer_21225,21225
Lecturer_21226,21226
Lecturer_21227,21227
Lecturer_21228,21228
Lecturer_21229,21229
Lecturer_21230,21230
Lecturer_21231,21231
Lecturer_21232,21232
Lecturer_21233,21233
Lecturer_21234,21234
Lecturer_21235,21235
Lecturer_21236,21236
Lecturer_21237,21237
Lecturer_21238,21238
Lecturer_21239,21239
Lecturer_21240,21240
Lecturer_21241,21241
Lecturer_21242,21242
Lecturer_21243,21243
Lecturer_21244,21244
Lecturer_21245,21245
Lecturer_21246,21246
Lecturer_21247,21247
Lecturer_21248,21248
Lecturer_21249,21249
Lecturer_21250,21250
Lecturer_21251,21251
Lecturer_21252,21252
Lecturer_21253,21253
Lecturer_21254,21254
Lecturer_21255,21255
Lecturer_21256,21256
Lecturer_21257,21257
Lecturer_21258,21258
Lecturer_21259,21259
Lecturer_21260,21260
Lecturer_21261,21261
Lecturer_21262,21262
Lecturer_21263,21263
Lecturer_21264,21264
Lecturer_21265,21265
Lecturer_21266,21266
Lecturer_21267,21267
Lecturer_21268,21268
Lecturer_21269,21269
Lecturer_21270,21270
Lecturer_21271,21271
Lecturer_21272,21272
Lecturer_21273,21273
Lecturer_21274,21274
Lecturer_21275,21275
Lecturer_21276,21276
Lecturer_21277,21277
Lecturer_21278,21278
Lecturer_21279,21279
Lecturer_21280,21280
Lecturer_21281,21281
Lecturer_21282,21282
Lecturer_21283,21283
Lecturer_21284,21284
Lecturer_21285,21285
Lecturer_21286,21286
Lecturer_21287,21287
Lecturer_21288,21288
Lecturer_21289,21289
Lecturer_21290,21290
Lecturer_21291,21291
Lecturer_21292,21292
Lecturer_21293,21293
Lecturer_21294,21294
Lecturer_21295,21295
Lecturer_21296,21296
Lecturer_21297,21297
Lecturer_21298,21298
Lecturer_21299,21299
Lecturer_21300,21300
Lecturer_21301,21301
Lecturer_21302,21302
Lecturer_21303,21303
Lecturer_21304,21304
Lecturer_21305,21305
Lecturer_21306,21306
Lecturer_21307,21307
Lecturer_21308,21308
Lecturer_21309,21309
Lecturer_21310,21310
Lecturer_21311,21311
Lecturer_21312,21312
Lecturer_21313,21313
Lecturer_21314,21314
Lecturer_21315,21315
Lecturer_21316,21316
Lecturer_21317,21317
Lecturer_21318,21318
Lecturer_21319,21319
Lecturer_21320,21320
Lecturer_21321,21321
Lecturer_21322,21322
Lecturer_21323,21323
Lecturer_21324,21324
Lecturer_21325,21325
Lecturer_21326,21326
Lecturer_21327,21327
Lecturer_21328,21328
Lecturer_21329,21329
Lecturer_21330,21330
Lecturer_21331,21331
Lecturer_21332,21332
Lecturer_21333,21333
Lecturer_21334,21334
Lecturer_21335,21335
Lecturer_21336,21336
Lecturer_21337,21337
Lecturer_21338,21338
Lecturer_21339,21339
Lecturer_21340,21340
Lecturer_21341,21341
Lecturer_21342,21342
Lecturer_21343,21343
Lecturer_21344,21344
Lecturer_21345,21345
Lecturer_21346,21346
Lecturer_21347,21347
Lecturer_21348,21348
Lecturer_21349,21349
Lecturer_21350,21350
Lecturer_21351,21351
Lecturer_21352,21352
Lecturer_21353,21353
Lecturer_21354,21354
Lecturer_21355,21355
Lecturer_21356,21356
Lecturer_21357,21357
Lecturer_21358,21358
Lecturer_21359,21359
Lecturer_21360,21360
Lecturer_21361,21361
Lecturer_21362,21362
Lecturer_21363,21363
Lecturer_21364,21364
Lecturer_21365,21365
Lecturer_21366,21366
Lecturer_21367,21367
Lecturer_21368,21368
Lecturer_21369,21369
Lecturer_21370,21370
Lecturer_21371,21371
Lecturer_21372,21372
Lecturer_21373,21373
Lecturer_21374,21374
Lecturer_21375,21375
Lecturer_21376,21376
Lecturer_21377,21377
Lecturer_21378,21378
Lecturer_21379,21379
Lecturer_21380,21380
Lecturer_21381,21381
Lecturer_21382,21382
Lecturer_21383,21383
Lecturer_21384,21384
Lecturer_21385,21385
Lecturer_21386,21386
Lecturer_21387,21387
Lecturer_21388,21388
Lecturer_21389,21389
Lecturer_21390,21390
Lecturer_21391,21391
Lecturer_21392,21392
Lecturer_21393,21393
Lecturer_21394,21394
Lecturer_21395,21395
Lecturer_21396,21396
Lecturer_21397,21397
Lecturer_21398,21398
Lecturer_21399,21399
Lecturer_21400,21400
Lecturer_21401,21401
Lecturer_21402,21402
Lecturer_21403,21403
Lecturer_21404,21404
Lecturer_21405,21405
Lecturer_21406,21406
Lecturer_21407,21407
Lecturer_21408,21408
Lecturer_21409,21409
Lecturer_21410,21410
Lecturer_21411,21411
Lecturer_21412,21412
Lecturer_21413,21413
Lecturer_21414,21414
Lecturer_21415,21415
Lecturer_21416,21416
Lecturer_21417,21417
Lecturer_21418,21418
Lecturer_21419,21419
Lecturer_21420,21420
Lecturer_21421,21421
Lecturer_21422,21422
Lecturer_21423,21423
Lecturer_21424,21424
Lecturer_21425,21425
Lecturer_21426,21426
Lecturer_21427,21427
Lecturer_21428,21428
Lecturer_21429,21429
Lecturer_21430,21430
Lecturer_21431,21431
Lecturer_21432,21432
Lecturer_21433,21433
Lecturer_21434,21434
Lecturer_21435,21435
Lecturer_21436,21436
Lecturer_21437,21437
Lecturer_21438,21438
Lecturer_21439,21439
Lecturer_21440,21440
Lecturer_21441,21441
Lecturer_21442,21442
Lecturer_21443,21443
Lecturer_21444,21444
Lecturer_21445,21445
Lecturer_21446,21446
Lecturer_21447,21447
Lecturer_21448,21448
Lecturer_21449,21449
Lecturer_21450,21450
Lecturer_21451,21451
Lecturer_21452,21452
Lecturer_21453,21453
Lecturer_21454,21454
Lecturer_21455,21455
Lecturer_21456,21456
Lecturer_21457,21457
Lecturer_21458,21458
Lecturer_21459,21459
Lecturer_21460,21460
Lecturer_21461,21461
Lecturer_21462,21462
Lecturer_21463,21463
Lecturer_21464,21464
Lecturer_21465,21465
Lecturer_21466,21466
Lecturer_21467,21467
Lecturer_21468,21468
Lecturer_21469,21469
Lecturer_21470,21470
Lecturer_21471,21471
Lecturer_21472,21472
Lecturer_21473,21473
Lecturer_21474,21474
Lecturer_21475,21475
Lecturer_21476,21476
Lecturer_21477,21477
Lecturer_21478,21478
Lecturer_21479,21479
Lecturer_21480,21480
Lecturer_21481,21481
Lecturer_21482,21482
Lecturer_21483,21483
Lecturer_21484,21484
Lecturer_21485,21485
Lecturer_21486,21486
Lecturer_21487,21487
Lecturer_21488,21488
Lecturer_21489,21489
Lecturer_21490,21490
Lecturer_21491,21491
Lecturer_21492,21492
Lecturer_21493,21493
Lecturer_21494,21494
Lecturer_21495,21495
Lecturer_21496,21496
Lecturer_21497,21497
Lecturer_21498,21498
Lecturer_21499,21499
Lecturer_21500,21500
Lecturer_21501,21501
Lecturer_21502,21502
Lecturer_21503,21503
Lecturer_21504,21504
Lecturer_21505,21505
Lecturer_21506,21506
Lecturer_21507,21507
Lecturer_21508,21508
Lecturer_21509,21509
Lecturer_21510,21510
Lecturer_21511,21511
Lecturer_21512,21512
Lecturer_21513,21513
Lecturer_21514,21514
Lecturer_21515,21515
Lecturer_21516,21516
Lecturer_21517,21517
Lecturer_21518,21518
Lecturer_21519,21519
Lecturer_21520,21520
Lecturer_21521,21521
Lecturer_21522,21522
Lecturer_21523,21523
Lecturer_21524,21524
Lecturer_21525,21525
Lecturer_21526,21526
Lecturer_21527,21527
Lecturer_21528,21528
Lecturer_21529,21529
Lecturer_21530,21530
Lecturer_21531,21531
Lecturer_21532,21532
Lecturer_21533,21533
Lecturer_21534,21534
Lecturer_21535,21535
Lecturer_21536,21536
Lecturer_21537,21537
Lecturer_21538,21538
Lecturer_21539,21539
Lecturer_21540,21540
Lecturer_21541,21541
Lecturer_21542,21542
Lecturer_21543,21543
Lecturer_21544,21544
Lecturer_21545,21545
Lecturer_21546,21546
Lecturer_21547,21547
Lecturer_21548,21548
Lecturer_21549,21549
Lecturer_21550,21550
Lecturer_21551,21551
Lecturer_21552,21552
Lecturer_21553,21553
Lecturer_21554,21554
Lecturer_21555,21555
Lecturer_21556,21556
Lecturer_21557,21557
Lecturer_21558,21558
Lecturer_21559,21559
Lecturer_21560,21560
Lecturer_21561,21561
Lecturer_21562,21562
Lecturer_21563,21563
Lecturer_21564,21564
Lecturer_21565,21565
Lecturer_21566,21566
Lecturer_21567,21567
Lecturer_21568,21568
Lecturer_21569,21569
Lecturer_21570,21570
Lecturer_21571,21571
Lecturer_21572,21572
Lecturer_21573,21573
Lecturer_21574,21574
Lecturer_21575,21575
Lecturer_21576,21576
Lecturer_21577,21577
Lecturer_21578,21578
Lecturer_21579,21579
Lecturer_21580,21580
Lecturer_21581,21581
Lecturer_21582,21582
Lecturer_21583,21583
Lecturer_21584,21584
Lecturer_21585,21585
Lecturer_21586,21586
Lecturer_21587,21587
Lecturer_21588,21588
Lecturer_21589,21589
Lecturer_21590,21590
Lecturer_21591,21591
Lecturer_21592,21592
Lecturer_21593,21593
Lecturer_21594,21594
Lecturer_21595,21595
Lecturer_21596,21596
Lecturer_21597,21597
Lecturer_21598,21598
Lecturer_21599,21599
Lecturer_21600,21600
Lecturer_21601,21601
Lecturer_21602,21602
Lecturer_21603,21603
Lecturer_21604,21604
Lecturer_21605,21605
Lecturer_21606,21606
Lecturer_21607,21607
Lecturer_21608,21608
Lecturer_21609,21609
Lecturer_21610,21610
Lecturer_21611,21611
Lecturer_21612,21612
Lecturer_21613,21613
Lecturer_21614,21614
Lecturer_21615,21615
Lecturer_21616,21616
Lecturer_21617,21617
Lecturer_21618,21618
Lecturer_21619,21619
Lecturer_21620,21620
Lecturer_21621,21621
Lecturer_21622,21622
Lecturer_21623,21623
Lecturer_21624,21624
Lecturer_21625,21625
Lecturer_21626,21626
Lecturer_21627,21627
Lecturer_21628,21628
Lecturer_21629,21629
Lecturer_21630,21630
Lecturer_21631,21631
Lecturer_21632,21632
Lecturer_21633,21633
Lecturer_21634,21634
Lecturer_21635,21635
Lecturer_21636,21636
Lecturer_21637,21637
Lecturer_21638,21638
Lecturer_21639,21639
Lecturer_21640,21640
Lecturer_21641,21641
Lecturer_21642,21642
Lecturer_21643,21643
Lecturer_21644,21644
Lecturer_21645,21645
Lecturer_21646,21646
Lecturer_21647,21647
Lecturer_21648,21648
Lecturer_21649,21649
Lecturer_21650,21650
Lecturer_21651,21651
Lecturer_21652,21652
Lecturer_21653,21653
Lecturer_21654,21654
Lecturer_21655,21655
Lecturer_21656,21656
Lecturer_21657,21657
Lecturer_21658,21658
Lecturer_21659,21659
Lecturer_21660,21660
Lecturer_21661,21661
Lecturer_21662,21662
Lecturer_21663,21663
Lecturer_21664,21664
Lecturer_21665,21665
Lecturer_21666,21666
Lecturer_21667,21667
Lecturer_21668,21668
Lecturer_21669,21669
Lecturer_21670,21670
Lecturer_21671,21671
Lecturer_21672,21672
Lecturer_21673,21673
Lecturer_21674,21674
Lecturer_21675,21675
Lecturer_21676,21676
Lecturer_21677,21677
Lecturer_21678,21678
Lecturer_21679,21679
Lecturer_21680,21680
Lecturer_21681,21681
Lecturer_21682,21682
Lecturer_21683,21683
Lecturer_21684,21684
Lecturer_21685,21685
Lecturer_21686,21686
Lecturer_21687,21687
Lecturer_21688,21688
Lecturer_21689,21689
Lecturer_21690,21690
Lecturer_21691,21691
Lecturer_21692,21692
Lecturer_21693,21693
Lecturer_21694,21694
Lecturer_21695,21695
Lecturer_21696,21696
Lecturer_21697,21697
Lecturer_21698,21698
Lecturer_21699,21699
Lecturer_21700,21700
Lecturer_21701,21701
Lecturer_21702,21702
Lecturer_21703,21703
Lecturer_21704,21704
Lecturer_21705,21705
Lecturer_21706,21706
Lecturer_21707,21707
Lecturer_21708,21708
Lecturer_21709,21709
Lecturer_21710,21710
Lecturer_21711,21711
Lecturer_21712,21712
Lecturer_21713,21713
Lecturer_21714,21714
Lecturer_21715,21715
Lecturer_21716,21716
Lecturer_21717,21717
Lecturer_21718,21718
Lecturer_21719,21719
Lecturer_21720,21720
Lecturer_21721,21721
Lecturer_21722,21722
Lecturer_21723,21723
Lecturer_21724,21724
Lecturer_21725,21725
Lecturer_21726,21726
Lecturer_21727,21727
Lecturer_21728,21728
Lecturer_21729,21729
Lecturer_21730,21730
Lecturer_21731,21731
Lecturer_21732,21732
Lecturer_21733,21733
Lecturer_21734,21734
Lecturer_21735,21735
Lecturer_21736,21736
Lecturer_21737,21737
Lecturer_21738,21738
Lecturer_21739,21739
Lecturer_21740,21740
Lecturer_21741,21741
Lecturer_21742,21742
Lecturer_21743,21743
Lecturer_21744,21744
Lecturer_21745,21745
Lecturer_21746,21746
Lecturer_21747,21747
Lecturer_21748,21748
Lecturer_21749,21749
Lecturer_21750,21750
Lecturer_21751,21751
Lecturer_21752,21752
Lecturer_21753,21753
Lecturer_21754,21754
Lecturer_21755,21755
Lecturer_21756,21756
Lecturer_21757,21757
Lecturer_21758,21758
Lecturer_21759,21759
Lecturer_21760,21760
Lecturer_21761,21761
Lecturer_21762,21762
Lecturer_21763,21763
Lecturer_21764,21764
Lecturer_21765,21765
Lecturer_21766,21766
Lecturer_21767,21767
Lecturer_21768,21768
Lecturer_21769,21769
Lecturer_21770,21770
Lecturer_21771,21771
Lecturer_21772,21772
Lecturer_21773,21773
Lecturer_21774,21774
Lecturer_21775,21775
Lecturer_21776,21776
Lecturer_21777,21777
Lecturer_21778,21778
Lecturer_21779,21779
Lecturer_21780,21780
Lecturer_21781,21781
Lecturer_21782,21782
Lecturer_21783,21783
Lecturer_21784,21784
Lecturer_21785,21785
Lecturer_21786,21786
Lecturer_21787,21787
Lecturer_21788,21788
Lecturer_21789,21789
Lecturer_21790,21790
Lecturer_21791,21791
Lecturer_21792,21792
Lecturer_21793,21793
Lecturer_21794,21794
Lecturer_21795,21795
Lecturer_21796,21796
Lecturer_21797,21797
Lecturer_21798,21798
Lecturer_21799,21799
Lecturer_21800,21800
Lecturer_21801,21801
Lecturer_21802,21802
Lecturer_21803,21803
Lecturer_21804,21804
Lecturer_21805,21805
Lecturer_21806,21806
Lecturer_21807,21807
Lecturer_21808,21808
Lecturer_21809,21809
Lecturer_21810,21810
Lecturer_21811,21811
Lecturer_21812,21812
Lecturer_21813,21813
Lecturer_21814,21814
Lecturer_21815,21815
Lecturer_21816,21816
Lecturer_21817,21817
Lecturer_21818,21818
Lecturer_21819,21819
Lecturer_21820,21820
Lecturer_21821,21821
Lecturer_21822,21822
Lecturer_21823,21823
Lecturer_21824,21824
Lecturer_21825,21825
Lecturer_21826,21826
Lecturer_21827,21827
Lecturer_21828,21828
Lecturer_21829,21829
Lecturer_21830,21830
Lecturer_21831,21831
Lecturer_21832,21832
Lecturer_21833,21833
Lecturer_21834,21834
Lecturer_21835,21835
Lecturer_21836,21836
Lecturer_21837,21837
Lecturer_21838,21838
Lecturer_21839,21839
Lecturer_21840,21840
Lecturer_21841,21841
Lecturer_21842,21842
Lecturer_21843,21843
Lecturer_21844,21844
Lecturer_21845,21845
Lecturer_21846,21846
Lecturer_21847,21847
Lecturer_21848,21848
Lecturer_21849,21849
Lecturer_21850,21850
Lecturer_21851,21851
Lecturer_21852,21852
Lecturer_21853,21853
Lecturer_21854,21854
Lecturer_21855,21855
Lecturer_21856,21856
Lecturer_21857,21857
Lecturer_21858,21858
Lecturer_21859,21859
Lecturer_21860,21860
Lecturer_21861,21861
Lecturer_21862,21862
Lecturer_21863,21863
Lecturer_21864,21864
Lecturer_21865,21865
Lecturer_21866,21866
Lecturer_21867,21867
Lecturer_21868,21868
Lecturer_21869,21869
Lecturer_21870,21870
Lecturer_21871,21871
Lecturer_21872,21872
Lecturer_21873,21873
Lecturer_21874,21874
Lecturer_21875,21875
Lecturer_21876,21876
Lecturer_21877,21877
Lecturer_21878,21878
Lecturer_21879,21879
Lecturer_21880,21880
Lecturer_21881,21881
Lecturer_21882,21882
Lecturer_21883,21883
Lecturer_21884,21884
Lecturer_21885,21885
Lecturer_21886,21886
Lecturer_21887,21887
Lecturer_21888,21888
Lecturer_21889,21889
Lecturer_21890,21890
Lecturer_21891,21891
Lecturer_21892,21892
Lecturer_21893,21893
Lecturer_21894,21894
Lecturer_21895,21895
Lecturer_21896,21896
Lecturer_21897,21897
Lecturer_21898,21898
Lecturer_21899,21899
Lecturer_21900,21900
Lecturer_21901,21901
Lecturer_21902,21902
Lecturer_21903,21903
Lecturer_21904,21904
Lecturer_21905,21905
Lecturer_21906,21906
Lecturer_21907,21907
Lecturer_21908,21908
Lecturer_21909,21909
Lecturer_21910,21910
Lecturer_21911,21911
Lecturer_21912,21912
Lecturer_21913,21913
Lecturer_21914,21914
Lecturer_21915,21915
Lecturer_21916,21916
Lecturer_21917,21917
Lecturer_21918,21918
Lecturer_21919,21919
Lecturer_21920,21920
Lecturer_21921,21921
Lecturer_21922,21922
Lecturer_21923,21923
Lecturer_21924,21924
Lecturer_21925,21925
Lecturer_21926,21926
Lecturer_21927,21927
Lecturer_21928,21928
Lecturer_21929,21929
Lecturer_21930,21930
Lecturer_21931,21931
Lecturer_21932,21932
Lecturer_21933,21933
Lecturer_21934,21934
Lecturer_21935,21935
Lecturer_21936,21936
Lecturer_21937,21937
Lecturer_21938,21938
Lecturer_21939,21939
Lecturer_21940,21940
Lecturer_21941,21941
Lecturer_21942,21942
Lecturer_21943,21943
Lecturer_21944,21944
Lecturer_21945,21945
Lecturer_21946,21946
Lecturer_21947,21947
Lecturer_21948,21948
Lecturer_21949,21949
Lecturer_21950,21950
Lecturer_21951,21951
Lecturer_21952,21952
Lecturer_21953,21953
Lecturer_21954,21954
Lecturer_21955,21955
Lecturer_21956,21956
Lecturer_21957,21957
Lecturer_21958,21958
Lecturer_21959,21959
Lecturer_21960,21960
Lecturer_21961,21961
Lecturer_21962,21962
Lecturer_21963,21963
Lecturer_21964,21964
Lecturer_21965,21965
Lecturer_21966,21966
Lecturer_21967,21967
Lecturer_21968,21968
Lecturer_21969,21969
Lecturer_21970,21970
Lecturer_21971,21971
Lecturer_21972,21972
Lecturer_21973,21973
Lecturer_21974,21974
Lecturer_21975,21975
Lecturer_21976,21976
Lecturer_21977,21977
Lecturer_21978,21978
Lecturer_21979,21979
Lecturer_21980,21980
Lecturer_21981,21981
Lecturer_21982,21982
Lecturer_21983,21983
Lecturer_21984,21984
Lecturer_21985,21985
Lecturer_21986,21986
Lecturer_21987,21987
Lecturer_21988,21988
Lecturer_21989,21989
Lecturer_21990,21990
Lecturer_21991,21991
Lecturer_21992,21992
Lecturer_21993,21993
Lecturer_21994,21994
Lecturer_21995,21995
Lecturer_21996,21996
Lecturer_21997,21997
Lecturer_21998,21998
Lecturer_21999,21999
Lecturer_22000,22000
Lecturer_22001,22001
Lecturer_22002,22002
Lecturer_22003,22003
Lecturer_22004,22004
Lecturer_22005,22005
Lecturer_22006,22006
Lecturer_22007,22007
Lecturer_22008,22008
Lecturer_22009,22009
Lecturer_22010,22010
Lecturer_22011,22011
Lecturer_22012,22012
Lecturer_22013,22013
Lecturer_22014,22014
Lecturer_22015,22015
Lecturer_22016,22016
Lecturer_22017,22017
Lecturer_22018,22018
Lecturer_22019,22019
Lecturer_22020,22020
Lecturer_22021,22021
Lecturer_22022,22022
Lecturer_22023,22023
Lecturer_22024,22024
Lecturer_22025,22025
Lecturer_22026,22026
Lecturer_22027,22027
Lecturer_22028,22028
Lecturer_22029,22029
Lecturer_22030,22030
Lecturer_22031,22031
Lecturer_22032,22032
Lecturer_22033,22033
Lecturer_22034,22034
Lecturer_22035,22035
Lecturer_22036,22036
Lecturer_22037,22037
Lecturer_22038,22038
Lecturer_22039,22039
Lecturer_22040,22040
Lecturer_22041,22041
Lecturer_22042,22042
Lecturer_22043,22043
Lecturer_22044,22044
Lecturer_22045,22045
Lecturer_22046,22046
Lecturer_22047,22047
Lecturer_22048,22048
Lecturer_22049,22049
Lecturer_22050,22050
Lecturer_22051,22051
Lecturer_22052,22052
Lecturer_22053,22053
Lecturer_22054,22054
Lecturer_22055,22055
Lecturer_22056,22056
Lecturer_22057,22057
Lecturer_22058,22058
Lecturer_22059,22059
Lecturer_22060,22060
Lecturer_22061,22061
Lecturer_22062,22062
Lecturer_22063,22063
Lecturer_22064,22064
Lecturer_22065,22065
Lecturer_22066,22066
Lecturer_22067,22067
Lecturer_22068,22068
Lecturer_22069,22069
Lecturer_22070,22070
Lecturer_22071,22071
Lecturer_22072,22072
Lecturer_22073,22073
Lecturer_22074,22074
Lecturer_22075,22075
Lecturer_22076,22076
Lecturer_22077,22077
Lecturer_22078,22078
Lecturer_22079,22079
Lecturer_22080,22080
Lecturer_22081,22081
Lecturer_22082,22082
Lecturer_22083,22083
Lecturer_22084,22084
Lecturer_22085,22085
Lecturer_22086,22086
Lecturer_22087,22087
Lecturer_22088,22088
Lecturer_22089,22089
Lecturer_22090,22090
Lecturer_22091,22091
Lecturer_22092,22092
Lecturer_22093,22093
Lecturer_22094,22094
Lecturer_22095,22095
Lecturer_22096,22096
Lecturer_22097,22097
Lecturer_22098,22098
Lecturer_22099,22099
Lecturer_22100,22100
Lecturer_22101,22101
Lecturer_22102,22102
Lecturer_22103,22103
Lecturer_22104,22104
Lecturer_22105,22105
Lecturer_22106,22106
Lecturer_22107,22107
Lecturer_22108,22108
Lecturer_22109,22109
Lecturer_22110,22110
Lecturer_22111,22111
Lecturer_22112,22112
Lecturer_22113,22113
Lecturer_22114,22114
Lecturer_22115,22115
Lecturer_22116,22116
Lecturer_22117,22117
Lecturer_22118,22118
Lecturer_22119,22119
Lecturer_22120,22120
Lecturer_22121,22121
Lecturer_22122,22122
Lecturer_22123,22123
Lecturer_22124,22124
Lecturer_22125,22125
Lecturer_22126,22126
Lecturer_22127,22127
Lecturer_22128,22128
Lecturer_22129,22129
Lecturer_22130,22130
Lecturer_22131,22131
Lecturer_22132,22132
Lecturer_22133,22133
Lecturer_22134,22134
Lecturer_22135,22135
Lecturer_22136,22136
Lecturer_22137,22137
Lecturer_22138,22138
Lecturer_22139,22139
Lecturer_22140,22140
Lecturer_22141,22141
Lecturer_22142,22142
Lecturer_22143,22143
Lecturer_22144,22144
Lecturer_22145,22145
Lecturer_22146,22146
Lecturer_22147,22147
Lecturer_22148,22148
Lecturer_22149,22149
Lecturer_22150,22150
Lecturer_22151,22151
Lecturer_22152,22152
Lecturer_22153,22153
Lecturer_22154,22154
Lecturer_22155,22155
Lecturer_22156,22156
Lecturer_22157,22157
Lecturer_22158,22158
Lecturer_22159,22159
Lecturer_22160,22160
Lecturer_22161,22161
Lecturer_22162,22162
Lecturer_22163,22163
Lecturer_22164,22164
Lecturer_22165,22165
Lecturer_22166,22166
Lecturer_22167,22167
Lecturer_22168,22168
Lecturer_22169,22169
Lecturer_22170,22170
Lecturer_22171,22171
Lecturer_22172,22172
Lecturer_22173,22173
Lecturer_22174,22174
Lecturer_22175,22175
Lecturer_22176,22176
Lecturer_22177,22177
Lecturer_22178,22178
Lecturer_22179,22179
Lecturer_22180,22180
Lecturer_22181,22181
Lecturer_22182,22182
Lecturer_22183,22183
Lecturer_22184,22184
Lecturer_22185,22185
Lecturer_22186,22186
Lecturer_22187,22187
Lecturer_22188,22188
Lecturer_22189,22189
Lecturer_22190,22190
Lecturer_22191,22191
Lecturer_22192,22192
Lecturer_22193,22193
Lecturer_22194,22194
Lecturer_22195,22195
Lecturer_22196,22196
Lecturer_22197,22197
Lecturer_22198,22198
Lecturer_22199,22199
Lecturer_22200,22200
Lecturer_22201,22201
Lecturer_22202,22202
Lecturer_22203,22203
Lecturer_22204,22204
Lecturer_22205,22205
Lecturer_22206,22206
Lecturer_22207,22207
Lecturer_22208,22208
Lecturer_22209,22209
Lecturer_22210,22210
Lecturer_22211,22211
Lecturer_22212,22212
Lecturer_22213,22213
Lecturer_22214,22214
Lecturer_22215,22215
Lecturer_22216,22216
Lecturer_22217,22217
Lecturer_22218,22218
Lecturer_22219,22219
Lecturer_22220,22220
Lecturer_22221,22221
Lecturer_22222,22222
Lecturer_22223,22223
Lecturer_22224,22224
Lecturer_22225,22225
Lecturer_22226,22226
Lecturer_22227,22227
Lecturer_22228,22228
Lecturer_22229,22229
Lecturer_22230,22230
Lecturer_22231,22231
Lecturer_22232,22232
Lecturer_22233,22233
Lecturer_22234,22234
Lecturer_22235,22235
Lecturer_22236,22236
Lecturer_22237,22237
Lecturer_22238,22238
Lecturer_22239,22239
Lecturer_22240,22240
Lecturer_22241,22241
Lecturer_22242,22242
Lecturer_22243,22243
Lecturer_22244,22244
Lecturer_22245,22245
Lecturer_22246,22246
Lecturer_22247,22247
Lecturer_22248,22248
Lecturer_22249,22249
Lecturer_22250,22250
Lecturer_22251,22251
Lecturer_22252,22252
Lecturer_22253,22253
Lecturer_22254,22254
Lecturer_22255,22255
Lecturer_22256,22256
Lecturer_22257,22257
Lecturer_22258,22258
Lecturer_22259,22259
Lecturer_22260,22260
Lecturer_22261,22261
Lecturer_22262,22262
Lecturer_22263,22263
Lecturer_22264,22264
Lecturer_22265,22265
Lecturer_22266,22266
Lecturer_22267,22267
Lecturer_22268,22268
Lecturer_22269,22269
Lecturer_22270,22270
Lecturer_22271,22271
Lecturer_22272,22272
Lecturer_22273,22273
Lecturer_22274,22274
Lecturer_22275,22275
Lecturer_22276,22276
Lecturer_22277,22277
Lecturer_22278,22278
Lecturer_22279,22279
Lecturer_22280,22280
Lecturer_22281,22281
Lecturer_22282,22282
Lecturer_22283,22283
Lecturer_22284,22284
Lecturer_22285,22285
Lecturer_22286,22286
Lecturer_22287,22287
Lecturer_22288,22288
Lecturer_22289,22289
Lecturer_22290,22290
Lecturer_22291,22291
Lecturer_22292,22292
Lecturer_22293,22293
Lecturer_22294,22294
Lecturer_22295,22295
Lecturer_22296,22296
Lecturer_22297,22297
Lecturer_22298,22298
Lecturer_22299,22299
Lecturer_22300,22300
Lecturer_22301,22301
Lecturer_22302,22302
Lecturer_22303,22303
Lecturer_22304,22304
Lecturer_22305,22305
Lecturer_22306,22306
Lecturer_22307,22307
Lecturer_22308,22308
Lecturer_22309,22309
Lecturer_22310,22310
Lecturer_22311,22311
Lecturer_22312,22312
Lecturer_22313,22313
Lecturer_22314,22314
Lecturer_22315,22315
Lecturer_22316,22316
Lecturer_22317,22317
Lecturer_22318,22318
Lecturer_22319,22319
Lecturer_22320,22320
Lecturer_22321,22321
Lecturer_22322,22322
Lecturer_22323,22323
Lecturer_22324,22324
Lecturer_22325,22325
Lecturer_22326,22326
Lecturer_22327,22327
Lecturer_22328,22328
Lecturer_22329,22329
Lecturer_22330,22330
Lecturer_22331,22331
Lecturer_22332,22332
Lecturer_22333,22333
Lecturer_22334,22334
Lecturer_22335,22335
Lecturer_22336,22336
Lecturer_22337,22337
Lecturer_22338,22338
Lecturer_22339,22339
Lecturer_22340,22340
Lecturer_22341,22341
Lecturer_22342,22342
Lecturer_22343,22343
Lecturer_22344,22344
Lecturer_22345,22345
Lecturer_22346,22346
Lecturer_22347,22347
Lecturer_22348,22348
Lecturer_22349,22349
Lecturer_22350,22350
Lecturer_22351,22351
Lecturer_22352,22352
Lecturer_22353,22353
Lecturer_22354,22354
Lecturer_22355,22355
Lecturer_22356,22356
Lecturer_22357,22357
Lecturer_22358,22358
Lecturer_22359,22359
Lecturer_22360,22360
Lecturer_22361,22361
Lecturer_22362,22362
Lecturer_22363,22363
Lecturer_22364,22364
Lecturer_22365,22365
Lecturer_22366,22366
Lecturer_22367,22367
Lecturer_22368,22368
Lecturer_22369,22369
Lecturer_22370,22370
Lecturer_22371,22371
Lecturer_22372,22372
Lecturer_22373,22373
Lecturer_22374,22374
Lecturer_22375,22375
Lecturer_22376,22376
Lecturer_22377,22377
Lecturer_22378,22378
Lecturer_22379,22379
Lecturer_22380,22380
Lecturer_22381,22381
Lecturer_22382,22382
Lecturer_22383,22383
Lecturer_22384,22384
Lecturer_22385,22385
Lecturer_22386,22386
Lecturer_22387,22387
Lecturer_22388,22388
Lecturer_22389,22389
Lecturer_22390,22390
Lecturer_22391,22391
Lecturer_22392,22392
Lecturer_22393,22393
Lecturer_22394,22394
Lecturer_22395,22395
Lecturer_22396,22396
Lecturer_22397,22397
Lecturer_22398,22398
Lecturer_22399,22399
Lecturer_22400,22400
Lecturer_22401,22401
Lecturer_22402,22402
Lecturer_22403,22403
Lecturer_22404,22404
Lecturer_22405,22405
Lecturer_22406,22406
Lecturer_22407,22407
Lecturer_22408,22408
Lecturer_22409,22409
Lecturer_22410,22410
Lecturer_22411,22411
Lecturer_22412,22412
Lecturer_22413,22413
Lecturer_22414,22414
Lecturer_22415,22415
Lecturer_22416,22416
Lecturer_22417,22417
Lecturer_22418,22418
Lecturer_22419,22419
Lecturer_22420,22420
Lecturer_22421,22421
Lecturer_22422,22422
Lecturer_22423,22423
Lecturer_22424,22424
Lecturer_22425,22425
Lecturer_22426,22426
Lecturer_22427,22427
Lecturer_22428,22428
Lecturer_22429,22429
Lecturer_22430,22430
Lecturer_22431,22431
Lecturer_22432,22432
Lecturer_22433,22433
Lecturer_22434,22434
Lecturer_22435,22435
Lecturer_22436,22436
Lecturer_22437,22437
Lecturer_22438,22438
Lecturer_22439,22439
Lecturer_22440,22440
Lecturer_22441,22441
Lecturer_22442,22442
Lecturer_22443,22443
Lecturer_22444,22444
Lecturer_22445,22445
Lecturer_22446,22446
Lecturer_22447,22447
Lecturer_22448,22448
Lecturer_22449,22449
Lecturer_22450,22450
Lecturer_22451,22451
Lecturer_22452,22452
Lecturer_22453,22453
Lecturer_22454,22454
Lecturer_22455,22455
Lecturer_22456,22456
Lecturer_22457,22457
Lecturer_22458,22458
Lecturer_22459,22459
Lecturer_22460,22460
Lecturer_22461,22461
Lecturer_22462,22462
Lecturer_22463,22463
Lecturer_22464,22464
Lecturer_22465,22465
Lecturer_22466,22466
Lecturer_22467,22467
Lecturer_22468,22468
Lecturer_22469,22469
Lecturer_22470,22470
Lecturer_22471,22471
Lecturer_22472,22472
Lecturer_22473,22473
Lecturer_22474,22474
Lecturer_22475,22475
Lecturer_22476,22476
Lecturer_22477,22477
Lecturer_22478,22478
Lecturer_22479,22479
Lecturer_22480,22480
Lecturer_22481,22481
Lecturer_22482,22482
Lecturer_22483,22483
Lecturer_22484,22484
Lecturer_22485,22485
Lecturer_22486,22486
Lecturer_22487,22487
Lecturer_22488,22488
Lecturer_22489,22489
Lecturer_22490,22490
Lecturer_22491,22491
Lecturer_22492,22492
Lecturer_22493,22493
Lecturer_22494,22494
Lecturer_22495,22495
Lecturer_22496,22496
Lecturer_22497,22497
Lecturer_22498,22498
Lecturer_22499,22499
Lecturer_22500,22500
Lecturer_22501,22501
Lecturer_22502,22502
Lecturer_22503,22503
Lecturer_22504,22504
Lecturer_22505,22505
Lecturer_22506,22506
Lecturer_22507,22507
Lecturer_22508,22508
Lecturer_22509,22509
Lecturer_22510,22510
Lecturer_22511,22511
Lecturer_22512,22512
Lecturer_22513,22513
Lecturer_22514,22514
Lecturer_22515,22515
Lecturer_22516,22516
Lecturer_22517,22517
Lecturer_22518,22518
Lecturer_22519,22519
Lecturer_22520,22520
Lecturer_22521,22521
Lecturer_22522,22522
Lecturer_22523,22523
Lecturer_22524,22524
Lecturer_22525,22525
Lecturer_22526,22526
Lecturer_22527,22527
Lecturer_22528,22528
Lecturer_22529,22529
Lecturer_22530,22530
Lecturer_22531,22531
Lecturer_22532,22532
Lecturer_22533,22533
Lecturer_22534,22534
Lecturer_22535,22535
Lecturer_22536,22536
Lecturer_22537,22537
Lecturer_22538,22538
Lecturer_22539,22539
Lecturer_22540,22540
Lecturer_22541,22541
Lecturer_22542,22542
Lecturer_22543,22543
Lecturer_22544,22544
Lecturer_22545,22545
Lecturer_22546,22546
Lecturer_22547,22547
Lecturer_22548,22548
Lecturer_22549,22549
Lecturer_22550,22550
Lecturer_22551,22551
Lecturer_22552,22552
Lecturer_22553,22553
Lecturer_22554,22554
Lecturer_22555,22555
Lecturer_22556,22556
Lecturer_22557,22557
Lecturer_22558,22558
Lecturer_22559,22559
Lecturer_22560,22560
Lecturer_22561,22561
Lecturer_22562,22562
Lecturer_22563,22563
Lecturer_22564,22564
Lecturer_22565,22565
Lecturer_22566,22566
Lecturer_22567,22567
Lecturer_22568,22568
Lecturer_22569,22569
Lecturer_22570,22570
Lecturer_22571,22571
Lecturer_22572,22572
Lecturer_22573,22573
Lecturer_22574,22574
Lecturer_22575,22575
Lecturer_22576,22576
Lecturer_22577,22577
Lecturer_22578,22578
Lecturer_22579,22579
Lecturer_22580,22580
Lecturer_22581,22581
Lecturer_22582,22582
Lecturer_22583,22583
Lecturer_22584,22584
Lecturer_22585,22585
Lecturer_22586,22586
Lecturer_22587,22587
Lecturer_22588,22588
Lecturer_22589,22589
Lecturer_22590,22590
Lecturer_22591,22591
Lecturer_22592,22592
Lecturer_22593,22593
Lecturer_22594,22594
Lecturer_22595,22595
Lecturer_22596,22596
Lecturer_22597,22597
Lecturer_22598,22598
Lecturer_22599,22599
Lecturer_22600,22600
Lecturer_22601,22601
Lecturer_22602,22602
Lecturer_22603,22603
Lecturer_22604,22604
Lecturer_22605,22605
Lecturer_22606,22606
Lecturer_22607,22607
Lecturer_22608,22608
Lecturer_22609,22609
Lecturer_22610,22610
Lecturer_22611,22611
Lecturer_22612,22612
Lecturer_22613,22613
Lecturer_22614,22614
Lecturer_22615,22615
Lecturer_22616,22616
Lecturer_22617,22617
Lecturer_22618,22618
Lecturer_22619,22619
Lecturer_22620,22620
Lecturer_22621,22621
Lecturer_22622,22622
Lecturer_22623,22623
Lecturer_22624,22624
Lecturer_22625,22625
Lecturer_22626,22626
Lecturer_22627,22627
Lecturer_22628,22628
Lecturer_22629,22629
Lecturer_22630,22630
Lecturer_22631,22631
Lecturer_22632,22632
Lecturer_22633,22633
Lecturer_22634,22634
Lecturer_22635,22635
Lecturer_22636,22636
Lecturer_22637,22637
Lecturer_22638,22638
Lecturer_22639,22639
Lecturer_22640,22640
Lecturer_22641,22641
Lecturer_22642,22642
Lecturer_22643,22643
Lecturer_22644,22644
Lecturer_22645,22645
Lecturer_22646,22646
Lecturer_22647,22647
Lecturer_22648,22648
Lecturer_22649,22649
Lecturer_22650,22650
Lecturer_22651,22651
Lecturer_22652,22652
Lecturer_22653,22653
Lecturer_22654,22654
Lecturer_22655,22655
Lecturer_22656,22656
Lecturer_22657,22657
Lecturer_22658,22658
Lecturer_22659,22659
Lecturer_22660,22660
Lecturer_22661,22661
Lecturer_22662,22662
Lecturer_22663,22663
Lecturer_22664,22664
Lecturer_22665,22665
Lecturer_22666,22666
Lecturer_22667,22667
Lecturer_22668,22668
Lecturer_22669,22669
Lecturer_22670,22670
Lecturer_22671,22671
Lecturer_22672,22672
Lecturer_22673,22673
Lecturer_22674,22674
Lecturer_22675,22675
Lecturer_22676,22676
Lecturer_22677,22677
Lecturer_22678,22678
Lecturer_22679,22679
Lecturer_22680,22680
Lecturer_22681,22681
Lecturer_22682,22682
Lecturer_22683,22683
Lecturer_22684,22684
Lecturer_22685,22685
Lecturer_22686,22686
Lecturer_22687,22687
Lecturer_22688,22688
Lecturer_22689,22689
Lecturer_22690,22690
Lecturer_22691,22691
Lecturer_22692,22692
Lecturer_22693,22693
Lecturer_22694,22694
Lecturer_22695,22695
Lecturer_22696,22696
Lecturer_22697,22697
Lecturer_22698,22698
Lecturer_22699,22699
Lecturer_22700,22700
Lecturer_22701,22701
Lecturer_22702,22702
Lecturer_22703,22703
Lecturer_22704,22704
Lecturer_22705,22705
Lecturer_22706,22706
Lecturer_22707,22707
Lecturer_22708,22708
Lecturer_22709,22709
Lecturer_22710,22710
Lecturer_22711,22711
Lecturer_22712,22712
Lecturer_22713,22713
Lecturer_22714,22714
Lecturer_22715,22715
Lecturer_22716,22716
Lecturer_22717,22717
Lecturer_22718,22718
Lecturer_22719,22719
Lecturer_22720,22720
Lecturer_22721,22721
Lecturer_22722,22722
Lecturer_22723,22723
Lecturer_22724,22724
Lecturer_22725,22725
Lecturer_22726,22726
Lecturer_22727,22727
Lecturer_22728,22728
Lecturer_22729,22729
Lecturer_22730,22730
Lecturer_22731,22731
Lecturer_22732,22732
Lecturer_22733,22733
Lecturer_22734,22734
Lecturer_22735,22735
Lecturer_22736,22736
Lecturer_22737,22737
Lecturer_22738,22738
Lecturer_22739,22739
Lecturer_22740,22740
Lecturer_22741,22741
Lecturer_22742,22742
Lecturer_22743,22743
Lecturer_22744,22744
Lecturer_22745,22745
Lecturer_22746,22746
Lecturer_22747,22747
Lecturer_22748,22748
Lecturer_22749,22749
Lecturer_22750,22750
Lecturer_22751,22751
Lecturer_22752,22752
Lecturer_22753,22753
Lecturer_22754,22754
Lecturer_22755,22755
Lecturer_22756,22756
Lecturer_22757,22757
Lecturer_22758,22758
Lecturer_22759,22759
Lecturer_22760,22760
Lecturer_22761,22761
Lecturer_22762,22762
Lecturer_22763,22763
Lecturer_22764,22764
Lecturer_22765,22765
Lecturer_22766,22766
Lecturer_22767,22767
Lecturer_22768,22768
Lecturer_22769,22769
Lecturer_22770,22770
Lecturer_22771,22771
Lecturer_22772,22772
Lecturer_22773,22773
Lecturer_22774,22774
Lecturer_22775,22775
Lecturer_22776,22776
Lecturer_22777,22777
Lecturer_22778,22778
Lecturer_22779,22779
Lecturer_22780,22780
Lecturer_22781,22781
Lecturer_22782,22782
Lecturer_22783,22783
Lecturer_22784,22784
Lecturer_22785,22785
Lecturer_22786,22786
Lecturer_22787,22787
Lecturer_22788,22788
Lecturer_22789,22789
Lecturer_22790,22790
Lecturer_22791,22791
Lecturer_22792,22792
Lecturer_22793,22793
Lecturer_22794,22794
Lecturer_22795,22795
Lecturer_22796,22796
Lecturer_22797,22797
Lecturer_22798,22798
Lecturer_22799,22799
Lecturer_22800,22800
Lecturer_22801,22801
Lecturer_22802,22802
Lecturer_22803,22803
Lecturer_22804,22804
Lecturer_22805,22805
Lecturer_22806,22806
Lecturer_22807,22807
Lecturer_22808,22808
Lecturer_22809,22809
Lecturer_22810,22810
Lecturer_22811,22811
Lecturer_22812,22812
Lecturer_22813,22813
Lecturer_22814,22814
Lecturer_22815,22815
Lecturer_22816,22816
Lecturer_22817,22817
Lecturer_22818,22818
Lecturer_22819,22819
Lecturer_22820,22820
Lecturer_22821,22821
Lecturer_22822,22822
Lecturer_22823,22823
Lecturer_22824,22824
Lecturer_22825,22825
Lecturer_22826,22826
Lecturer_22827,22827
Lecturer_22828,22828
Lecturer_22829,22829
Lecturer_22830,22830
Lecturer_22831,22831
Lecturer_22832,22832
Lecturer_22833,22833
Lecturer_22834,22834
Lecturer_22835,22835
Lecturer_22836,22836
Lecturer_22837,22837
Lecturer_22838,22838
Lecturer_22839,22839
Lecturer_22840,22840
Lecturer_22841,22841
Lecturer_22842,22842
Lecturer_22843,22843
Lecturer_22844,22844
Lecturer_22845,22845
Lecturer_22846,22846
Lecturer_22847,22847
Lecturer_22848,22848
Lecturer_22849,22849
Lecturer_22850,22850
Lecturer_22851,22851
Lecturer_22852,22852
Lecturer_22853,22853
Lecturer_22854,22854
Lecturer_22855,22855
Lecturer_22856,22856
Lecturer_22857,22857
Lecturer_22858,22858
Lecturer_22859,22859
Lecturer_22860,22860
Lecturer_22861,22861
Lecturer_22862,22862
Lecturer_22863,22863
Lecturer_22864,22864
Lecturer_22865,22865
Lecturer_22866,22866
Lecturer_22867,22867
Lecturer_22868,22868
Lecturer_22869,22869
Lecturer_22870,22870
Lecturer_22871,22871
Lecturer_22872,22872
Lecturer_22873,22873
Lecturer_22874,22874
Lecturer_22875,22875
Lecturer_22876,22876
Lecturer_22877,22877
Lecturer_22878,22878
Lecturer_22879,22879
Lecturer_22880,22880
Lecturer_22881,22881
Lecturer_22882,22882
Lecturer_22883,22883
Lecturer_22884,22884
Lecturer_22885,22885
Lecturer_22886,22886
Lecturer_22887,22887
Lecturer_22888,22888
Lecturer_22889,22889
Lecturer_22890,22890
Lecturer_22891,22891
Lecturer_22892,22892
Lecturer_22893,22893
Lecturer_22894,22894
Lecturer_22895,22895
Lecturer_22896,22896
Lecturer_22897,22897
Lecturer_22898,22898
Lecturer_22899,22899
Lecturer_22900,22900
Lecturer_22901,22901
Lecturer_22902,22902
Lecturer_22903,22903
Lecturer_22904,22904
Lecturer_22905,22905
Lecturer_22906,22906
Lecturer_22907,22907
Lecturer_22908,22908
Lecturer_22909,22909
Lecturer_22910,22910
Lecturer_22911,22911
Lecturer_22912,22912
Lecturer_22913,22913
Lecturer_22914,22914
Lecturer_22915,22915
Lecturer_22916,22916
Lecturer_22917,22917
Lecturer_22918,22918
Lecturer_22919,22919
Lecturer_22920,22920
Lecturer_22921,22921
Lecturer_22922,22922
Lecturer_22923,22923
Lecturer_22924,22924
Lecturer_22925,22925
Lecturer_22926,22926
Lecturer_22927,22927
Lecturer_22928,22928
Lecturer_22929,22929
Lecturer_22930,22930
Lecturer_22931,22931
Lecturer_22932,22932
Lecturer_22933,22933
Lecturer_22934,22934
Lecturer_22935,22935
Lecturer_22936,22936
Lecturer_22937,22937
Lecturer_22938,22938
Lecturer_22939,22939
Lecturer_22940,22940
Lecturer_22941,22941
Lecturer_22942,22942
Lecturer_22943,22943
Lecturer_22944,22944
Lecturer_22945,22945
Lecturer_22946,22946
Lecturer_22947,22947
Lecturer_22948,22948
Lecturer_22949,22949
Lecturer_22950,22950
Lecturer_22951,22951
Lecturer_22952,22952
Lecturer_22953,22953
Lecturer_22954,22954
Lecturer_22955,22955
Lecturer_22956,22956
Lecturer_22957,22957
Lecturer_22958,22958
Lecturer_22959,22959
Lecturer_22960,22960
Lecturer_22961,22961
Lecturer_22962,22962
Lecturer_22963,22963
Lecturer_22964,22964
Lecturer_22965,22965
Lecturer_22966,22966
Lecturer_22967,22967
Lecturer_22968,22968
Lecturer_22969,22969
Lecturer_22970,22970
Lecturer_22971,22971
Lecturer_22972,22972
Lecturer_22973,22973
Lecturer_22974,22974
Lecturer_22975,22975
Lecturer_22976,22976
Lecturer_22977,22977
Lecturer_22978,22978
Lecturer_22979,22979
Lecturer_22980,22980
Lecturer_22981,22981
Lecturer_22982,22982
Lecturer_22983,22983
Lecturer_22984,22984
Lecturer_22985,22985
Lecturer_22986,22986
Lecturer_22987,22987
Lecturer_22988,22988
Lecturer_22989,22989
Lecturer_22990,22990
Lecturer_22991,22991
Lecturer_22992,22992
Lecturer_22993,22993
Lecturer_22994,22994
Lecturer_22995,22995
Lecturer_22996,22996
Lecturer_22997,22997
Lecturer_22998,22998
Lecturer_22999,22999
Lecturer_23000,23000
Lecturer_23001,23001
Lecturer_23002,23002
Lecturer_23003,23003
Lecturer_23004,23004
Lecturer_23005,23005
Lecturer_23006,23006
Lecturer_23007,23007
Lecturer_23008,23008
Lecturer_23009,23009
Lecturer_23010,23010
Lecturer_23011,23011
Lecturer_23012,23012
Lecturer_23013,23013
Lecturer_23014,23014
Lecturer_23015,23015
Lecturer_23016,23016
Lecturer_23017,23017
Lecturer_23018,23018
Lecturer_23019,23019
Lecturer_23020,23020
Lecturer_23021,23021
Lecturer_23022,23022
Lecturer_23023,23023
Lecturer_23024,23024
Lecturer_23025,23025
Lecturer_23026,23026
Lecturer_23027,23027
Lecturer_23028,23028
Lecturer_23029,23029
Lecturer_23030,23030
Lecturer_23031,23031
Lecturer_23032,23032
Lecturer_23033,23033
Lecturer_23034,23034
Lecturer_23035,23035
Lecturer_23036,23036
Lecturer_23037,23037
Lecturer_23038,23038
Lecturer_23039,23039
Lecturer_23040,23040
Lecturer_23041,23041
Lecturer_23042,23042
Lecturer_23043,23043
Lecturer_23044,23044
Lecturer_23045,23045
Lecturer_23046,23046
Lecturer_23047,23047
Lecturer_23048,23048
Lecturer_23049,23049
Lecturer_23050,23050
Lecturer_23051,23051
Lecturer_23052,23052
Lecturer_23053,23053
Lecturer_23054,23054
Lecturer_23055,23055
Lecturer_23056,23056
Lecturer_23057,23057
Lecturer_23058,23058
Lecturer_23059,23059
Lecturer_23060,23060
Lecturer_23061,23061
Lecturer_23062,23062
Lecturer_23063,23063
Lecturer_23064,23064
Lecturer_23065,23065
Lecturer_23066,23066
Lecturer_23067,23067
Lecturer_23068,23068
Lecturer_23069,23069
Lecturer_23070,23070
Lecturer_23071,23071
Lecturer_23072,23072
Lecturer_23073,23073
Lecturer_23074,23074
Lecturer_23075,23075
Lecturer_23076,23076
Lecturer_23077,23077
Lecturer_23078,23078
Lecturer_23079,23079
Lecturer_23080,23080
Lecturer_23081,23081
Lecturer_23082,23082
Lecturer_23083,23083
Lecturer_23084,23084
Lecturer_23085,23085
Lecturer_23086,23086
Lecturer_23087,23087
Lecturer_23088,23088
Lecturer_23089,23089
Lecturer_23090,23090
Lecturer_23091,23091
Lecturer_23092,23092
Lecturer_23093,23093
Lecturer_23094,23094
Lecturer_23095,23095
Lecturer_23096,23096
Lecturer_23097,23097
Lecturer_23098,23098
Lecturer_23099,23099
Lecturer_23100,23100
Lecturer_23101,23101
Lecturer_23102,23102
Lecturer_23103,23103
Lecturer_23104,23104
Lecturer_23105,23105
Lecturer_23106,23106
Lecturer_23107,23107
Lecturer_23108,23108
Lecturer_23109,23109
Lecturer_23110,23110
Lecturer_23111,23111
Lecturer_23112,23112
Lecturer_23113,23113
Lecturer_23114,23114
Lecturer_23115,23115
Lecturer_23116,23116
Lecturer_23117,23117
Lecturer_23118,23118
Lecturer_23119,23119
Lecturer_23120,23120
Lecturer_23121,23121
Lecturer_23122,23122
Lecturer_23123,23123
Lecturer_23124,23124
Lecturer_23125,23125
Lecturer_23126,23126
Lecturer_23127,23127
Lecturer_23128,23128
Lecturer_23129,23129
Lecturer_23130,23130
Lecturer_23131,23131
Lecturer_23132,23132
Lecturer_23133,23133
Lecturer_23134,23134
Lecturer_23135,23135
Lecturer_23136,23136
Lecturer_23137,23137
Lecturer_23138,23138
Lecturer_23139,23139
Lecturer_23140,23140
Lecturer_23141,23141
Lecturer_23142,23142
Lecturer_23143,23143
Lecturer_23144,23144
Lecturer_23145,23145
Lecturer_23146,23146
Lecturer_23147,23147
Lecturer_23148,23148
Lecturer_23149,23149
Lecturer_23150,23150
Lecturer_23151,23151
Lecturer_23152,23152
Lecturer_23153,23153
Lecturer_23154,23154
Lecturer_23155,23155
Lecturer_23156,23156
Lecturer_23157,23157
Lecturer_23158,23158
Lecturer_23159,23159
Lecturer_23160,23160
Lecturer_23161,23161
Lecturer_23162,23162
Lecturer_23163,23163
Lecturer_23164,23164
Lecturer_23165,23165
Lecturer_23166,23166
Lecturer_23167,23167
Lecturer_23168,23168
Lecturer_23169,23169
Lecturer_23170,23170
Lecturer_23171,23171
Lecturer_23172,23172
Lecturer_23173,23173
Lecturer_23174,23174
Lecturer_23175,23175
Lecturer_23176,23176
Lecturer_23177,23177
Lecturer_23178,23178
Lecturer_23179,23179
Lecturer_23180,23180
Lecturer_23181,23181
Lecturer_23182,23182
Lecturer_23183,23183
Lecturer_23184,23184
Lecturer_23185,23185
Lecturer_23186,23186
Lecturer_23187,23187
Lecturer_23188,23188
Lecturer_23189,23189
Lecturer_23190,23190
Lecturer_23191,23191
Lecturer_23192,23192
Lecturer_23193,23193
Lecturer_23194,23194
Lecturer_23195,23195
Lecturer_23196,23196
Lecturer_23197,23197
Lecturer_23198,23198
Lecturer_23199,23199
Lecturer_23200,23200
Lecturer_23201,23201
Lecturer_23202,23202
Lecturer_23203,23203
Lecturer_23204,23204
Lecturer_23205,23205
Lecturer_23206,23206
Lecturer_23207,23207
Lecturer_23208,23208
Lecturer_23209,23209
Lecturer_23210,23210
Lecturer_23211,23211
Lecturer_23212,23212
Lecturer_23213,23213
Lecturer_23214,23214
Lecturer_23215,23215
Lecturer_23216,23216
Lecturer_23217,23217
Lecturer_23218,23218
Lecturer_23219,23219
Lecturer_23220,23220
Lecturer_23221,23221
Lecturer_23222,23222
Lecturer_23223,23223
Lecturer_23224,23224
Lecturer_23225,23225
Lecturer_23226,23226
Lecturer_23227,23227
Lecturer_23228,23228
Lecturer_23229,23229
Lecturer_23230,23230
Lecturer_23231,23231
Lecturer_23232,23232
Lecturer_23233,23233
Lecturer_23234,23234
Lecturer_23235,23235
Lecturer_23236,23236
Lecturer_23237,23237
Lecturer_23238,23238
Lecturer_23239,23239
Lecturer_23240,23240
Lecturer_23241,23241
Lecturer_23242,23242
Lecturer_23243,23243
Lecturer_23244,23244
Lecturer_23245,23245
Lecturer_23246,23246
Lecturer_23247,23247
Lecturer_23248,23248
Lecturer_23249,23249
Lecturer_23250,23250
Lecturer_23251,23251
Lecturer_23252,23252
Lecturer_23253,23253
Lecturer_23254,23254
Lecturer_23255,23255
Lecturer_23256,23256
Lecturer_23257,23257
Lecturer_23258,23258
Lecturer_23259,23259
Lecturer_23260,23260
Lecturer_23261,23261
Lecturer_23262,23262
Lecturer_23263,23263
Lecturer_23264,23264
Lecturer_23265,23265
Lecturer_23266,23266
Lecturer_23267,23267
Lecturer_23268,23268
Lecturer_23269,23269
Lecturer_23270,23270
Lecturer_23271,23271
Lecturer_23272,23272
Lecturer_23273,23273
Lecturer_23274,23274
Lecturer_23275,23275
Lecturer_23276,23276
Lecturer_23277,23277
Lecturer_23278,23278
Lecturer_23279,23279
Lecturer_23280,23280
Lecturer_23281,23281
Lecturer_23282,23282
Lecturer_23283,23283
Lecturer_23284,23284
Lecturer_23285,23285
Lecturer_23286,23286
Lecturer_23287,23287
Lecturer_23288,23288
Lecturer_23289,23289
Lecturer_23290,23290
Lecturer_23291,23291
Lecturer_23292,23292
Lecturer_23293,23293
Lecturer_23294,23294
Lecturer_23295,23295
Lecturer_23296,23296
Lecturer_23297,23297
Lecturer_23298,23298
Lecturer_23299,23299
Lecturer_23300,23300
Lecturer_23301,23301
Lecturer_23302,23302
Lecturer_23303,23303
Lecturer_23304,23304
Lecturer_23305,23305
Lecturer_23306,23306
Lecturer_23307,23307
Lecturer_23308,23308
Lecturer_23309,23309
Lecturer_23310,23310
Lecturer_23311,23311
Lecturer_23312,23312
Lecturer_23313,23313
Lecturer_23314,23314
Lecturer_23315,23315
Lecturer_23316,23316
Lecturer_23317,23317
Lecturer_23318,23318
Lecturer_23319,23319
Lecturer_23320,23320
Lecturer_23321,23321
Lecturer_23322,23322
Lecturer_23323,23323
Lecturer_23324,23324
Lecturer_23325,23325
Lecturer_23326,23326
Lecturer_23327,23327
Lecturer_23328,23328
Lecturer_23329,23329
Lecturer_23330,23330
Lecturer_23331,23331
Lecturer_23332,23332
Lecturer_23333,23333
Lecturer_23334,23334
Lecturer_23335,23335
Lecturer_23336,23336
Lecturer_23337,23337
Lecturer_23338,23338
Lecturer_23339,23339
Lecturer_23340,23340
Lecturer_23341,23341
Lecturer_23342,23342
Lecturer_23343,23343
Lecturer_23344,23344
Lecturer_23345,23345
Lecturer_23346,23346
Lecturer_23347,23347
Lecturer_23348,23348
Lecturer_23349,23349
Lecturer_23350,23350
Lecturer_23351,23351
Lecturer_23352,23352
Lecturer_23353,23353
Lecturer_23354,23354
Lecturer_23355,23355
Lecturer_23356,23356
Lecturer_23357,23357
Lecturer_23358,23358
Lecturer_23359,23359
Lecturer_23360,23360
Lecturer_23361,23361
Lecturer_23362,23362
Lecturer_23363,23363
Lecturer_23364,23364
Lecturer_23365,23365
Lecturer_23366,23366
Lecturer_23367,23367
Lecturer_23368,23368
Lecturer_23369,23369
Lecturer_23370,23370
Lecturer_23371,23371
Lecturer_23372,23372
Lecturer_23373,23373
Lecturer_23374,23374
Lecturer_23375,23375
Lecturer_23376,23376
Lecturer_23377,23377
Lecturer_23378,23378
Lecturer_23379,23379
Lecturer_23380,23380
Lecturer_23381,23381
Lecturer_23382,23382
Lecturer_23383,23383
Lecturer_23384,23384
Lecturer_23385,23385
Lecturer_23386,23386
Lecturer_23387,23387
Lecturer_23388,23388
Lecturer_23389,23389
Lecturer_23390,23390
Lecturer_23391,23391
Lecturer_23392,23392
Lecturer_23393,23393
Lecturer_23394,23394
Lecturer_23395,23395
Lecturer_23396,23396
Lecturer_23397,23397
Lecturer_23398,23398
Lecturer_23399,23399
Lecturer_23400,23400
Lecturer_23401,23401
Lecturer_23402,23402
Lecturer_23403,23403
Lecturer_23404,23404
Lecturer_23405,23405
Lecturer_23406,23406
Lecturer_23407,23407
Lecturer_23408,23408
Lecturer_23409,23409
Lecturer_23410,23410
Lecturer_23411,23411
Lecturer_23412,23412
Lecturer_23413,23413
Lecturer_23414,23414
Lecturer_23415,23415
Lecturer_23416,23416
Lecturer_23417,23417
Lecturer_23418,23418
Lecturer_23419,23419
Lecturer_23420,23420
Lecturer_23421,23421
Lecturer_23422,23422
Lecturer_23423,23423
Lecturer_23424,23424
Lecturer_23425,23425
Lecturer_23426,23426
Lecturer_23427,23427
Lecturer_23428,23428
Lecturer_23429,23429
Lecturer_23430,23430
Lecturer_23431,23431
Lecturer_23432,23432
Lecturer_23433,23433
Lecturer_23434,23434
Lecturer_23435,23435
Lecturer_23436,23436
Lecturer_23437,23437
Lecturer_23438,23438
Lecturer_23439,23439
Lecturer_23440,23440
Lecturer_23441,23441
Lecturer_23442,23442
Lecturer_23443,23443
Lecturer_23444,23444
Lecturer_23445,23445
Lecturer_23446,23446
Lecturer_23447,23447
Lecturer_23448,23448
Lecturer_23449,23449
Lecturer_23450,23450
Lecturer_23451,23451
Lecturer_23452,23452
Lecturer_23453,23453
Lecturer_23454,23454
Lecturer_23455,23455
Lecturer_23456,23456
Lecturer_23457,23457
Lecturer_23458,23458
Lecturer_23459,23459
Lecturer_23460,23460
Lecturer_23461,23461
Lecturer_23462,23462
Lecturer_23463,23463
Lecturer_23464,23464
Lecturer_23465,23465
Lecturer_23466,23466
Lecturer_23467,23467
Lecturer_23468,23468
Lecturer_23469,23469
Lecturer_23470,23470
Lecturer_23471,23471
Lecturer_23472,23472
Lecturer_23473,23473
Lecturer_23474,23474
Lecturer_23475,23475
Lecturer_23476,23476
Lecturer_23477,23477
Lecturer_23478,23478
Lecturer_23479,23479
Lecturer_23480,23480
Lecturer_23481,23481
Lecturer_23482,23482
Lecturer_23483,23483
Lecturer_23484,23484
Lecturer_23485,23485
Lecturer_23486,23486
Lecturer_23487,23487
Lecturer_23488,23488
Lecturer_23489,23489
Lecturer_23490,23490
Lecturer_23491,23491
Lecturer_23492,23492
Lecturer_23493,23493
Lecturer_23494,23494
Lecturer_23495,23495
Lecturer_23496,23496
Lecturer_23497,23497
Lecturer_23498,23498
Lecturer_23499,23499
Lecturer_23500,23500
Lecturer_23501,23501
Lecturer_23502,23502
Lecturer_23503,23503
Lecturer_23504,23504
Lecturer_23505,23505
Lecturer_23506,23506
Lecturer_23507,23507
Lecturer_23508,23508
Lecturer_23509,23509
Lecturer_23510,23510
Lecturer_23511,23511
Lecturer_23512,23512
Lecturer_23513,23513
Lecturer_23514,23514
Lecturer_23515,23515
Lecturer_23516,23516
Lecturer_23517,23517
Lecturer_23518,23518
Lecturer_23519,23519
Lecturer_23520,23520
Lecturer_23521,23521
Lecturer_23522,23522
Lecturer_23523,23523
Lecturer_23524,23524
Lecturer_23525,23525
Lecturer_23526,23526
Lecturer_23527,23527
Lecturer_23528,23528
Lecturer_23529,23529
Lecturer_23530,23530
Lecturer_23531,23531
Lecturer_23532,23532
Lecturer_23533,23533
Lecturer_23534,23534
Lecturer_23535,23535
Lecturer_23536,23536
Lecturer_23537,23537
Lecturer_23538,23538
Lecturer_23539,23539
Lecturer_23540,23540
Lecturer_23541,23541
Lecturer_23542,23542
Lecturer_23543,23543
Lecturer_23544,23544
Lecturer_23545,23545
Lecturer_23546,23546
Lecturer_23547,23547
Lecturer_23548,23548
Lecturer_23549,23549
Lecturer_23550,23550
Lecturer_23551,23551
Lecturer_23552,23552
Lecturer_23553,23553
Lecturer_23554,23554
Lecturer_23555,23555
Lecturer_23556,23556
Lecturer_23557,23557
Lecturer_23558,23558
Lecturer_23559,23559
Lecturer_23560,23560
Lecturer_23561,23561
Lecturer_23562,23562
Lecturer_23563,23563
Lecturer_23564,23564
Lecturer_23565,23565
Lecturer_23566,23566
Lecturer_23567,23567
Lecturer_23568,23568
Lecturer_23569,23569
Lecturer_23570,23570
Lecturer_23571,23571
Lecturer_23572,23572
Lecturer_23573,23573
Lecturer_23574,23574
Lecturer_23575,23575
Lecturer_23576,23576
Lecturer_23577,23577
Lecturer_23578,23578
Lecturer_23579,23579
Lecturer_23580,23580
Lecturer_23581,23581
Lecturer_23582,23582
Lecturer_23583,23583
Lecturer_23584,23584
Lecturer_23585,23585
Lecturer_23586,23586
Lecturer_23587,23587
Lecturer_23588,23588
Lecturer_23589,23589
Lecturer_23590,23590
Lecturer_23591,23591
Lecturer_23592,23592
Lecturer_23593,23593
Lecturer_23594,23594
Lecturer_23595,23595
Lecturer_23596,23596
Lecturer_23597,23597
Lecturer_23598,23598
Lecturer_23599,23599
Lecturer_23600,23600
Lecturer_23601,23601
Lecturer_23602,23602
Lecturer_23603,23603
Lecturer_23604,23604
Lecturer_23605,23605
Lecturer_23606,23606
Lecturer_23607,23607
Lecturer_23608,23608
Lecturer_23609,23609
Lecturer_23610,23610
Lecturer_23611,23611
Lecturer_23612,23612
Lecturer_23613,23613
Lecturer_23614,23614
Lecturer_23615,23615
Lecturer_23616,23616
Lecturer_23617,23617
Lecturer_23618,23618
Lecturer_23619,23619
Lecturer_23620,23620
Lecturer_23621,23621
Lecturer_23622,23622
Lecturer_23623,23623
Lecturer_23624,23624
Lecturer_23625,23625
Lecturer_23626,23626
Lecturer_23627,23627
Lecturer_23628,23628
Lecturer_23629,23629
Lecturer_23630,23630
Lecturer_23631,23631
Lecturer_23632,23632
Lecturer_23633,23633
Lecturer_23634,23634
Lecturer_23635,23635
Lecturer_23636,23636
Lecturer_23637,23637
Lecturer_23638,23638
Lecturer_23639,23639
Lecturer_23640,23640
Lecturer_23641,23641
Lecturer_23642,23642
Lecturer_23643,23643
Lecturer_23644,23644
Lecturer_23645,23645
Lecturer_23646,23646
Lecturer_23647,23647
Lecturer_23648,23648
Lecturer_23649,23649
Lecturer_23650,23650
Lecturer_23651,23651
Lecturer_23652,23652
Lecturer_23653,23653
Lecturer_23654,23654
Lecturer_23655,23655
Lecturer_23656,23656
Lecturer_23657,23657
Lecturer_23658,23658
Lecturer_23659,23659
Lecturer_23660,23660
Lecturer_23661,23661
Lecturer_23662,23662
Lecturer_23663,23663
Lecturer_23664,23664
Lecturer_23665,23665
Lecturer_23666,23666
Lecturer_23667,23667
Lecturer_23668,23668
Lecturer_23669,23669
Lecturer_23670,23670
Lecturer_23671,23671
Lecturer_23672,23672
Lecturer_23673,23673
Lecturer_23674,23674
Lecturer_23675,23675
Lecturer_23676,23676
Lecturer_23677,23677
Lecturer_23678,23678
Lecturer_23679,23679
Lecturer_23680,23680
Lecturer_23681,23681
Lecturer_23682,23682
Lecturer_23683,23683
Lecturer_23684,23684
Lecturer_23685,23685
Lecturer_23686,23686
Lecturer_23687,23687
Lecturer_23688,23688
Lecturer_23689,23689
Lecturer_23690,23690
Lecturer_23691,23691
Lecturer_23692,23692
Lecturer_23693,23693
Lecturer_23694,23694
Lecturer_23695,23695
Lecturer_23696,23696
Lecturer_23697,23697
Lecturer_23698,23698
Lecturer_23699,23699
Lecturer_23700,23700
Lecturer_23701,23701
Lecturer_23702,23702
Lecturer_23703,23703
Lecturer_23704,23704
Lecturer_23705,23705
Lecturer_23706,23706
Lecturer_23707,23707
Lecturer_23708,23708
Lecturer_23709,23709
Lecturer_23710,23710
Lecturer_23711,23711
Lecturer_23712,23712
Lecturer_23713,23713
Lecturer_23714,23714
Lecturer_23715,23715
Lecturer_23716,23716
Lecturer_23717,23717
Lecturer_23718,23718
Lecturer_23719,23719
Lecturer_23720,23720
Lecturer_23721,23721
Lecturer_23722,23722
Lecturer_23723,23723
Lecturer_23724,23724
Lecturer_23725,23725
Lecturer_23726,23726
Lecturer_23727,23727
Lecturer_23728,23728
Lecturer_23729,23729
Lecturer_23730,23730
Lecturer_23731,23731
Lecturer_23732,23732
Lecturer_23733,23733
Lecturer_23734,23734
Lecturer_23735,23735
Lecturer_23736,23736
Lecturer_23737,23737
Lecturer_23738,23738
Lecturer_23739,23739
Lecturer_23740,23740
Lecturer_23741,23741
Lecturer_23742,23742
Lecturer_23743,23743
Lecturer_23744,23744
Lecturer_23745,23745
Lecturer_23746,23746
Lecturer_23747,23747
Lecturer_23748,23748
Lecturer_23749,23749
Lecturer_23750,23750
Lecturer_23751,23751
Lecturer_23752,23752
Lecturer_23753,23753
Lecturer_23754,23754
Lecturer_23755,23755
Lecturer_23756,23756
Lecturer_23757,23757
Lecturer_23758,23758
Lecturer_23759,23759
Lecturer_23760,23760
Lecturer_23761,23761
Lecturer_23762,23762
Lecturer_23763,23763
Lecturer_23764,23764
Lecturer_23765,23765
Lecturer_23766,23766
Lecturer_23767,23767
Lecturer_23768,23768
Lecturer_23769,23769
Lecturer_23770,23770
Lecturer_23771,23771
Lecturer_23772,23772
Lecturer_23773,23773
Lecturer_23774,23774
Lecturer_23775,23775
Lecturer_23776,23776
Lecturer_23777,23777
Lecturer_23778,23778
Lecturer_23779,23779
Lecturer_23780,23780
Lecturer_23781,23781
Lecturer_23782,23782
Lecturer_23783,23783
Lecturer_23784,23784
Lecturer_23785,23785
Lecturer_23786,23786
Lecturer_23787,23787
Lecturer_23788,23788
Lecturer_23789,23789
Lecturer_23790,23790
Lecturer_23791,23791
Lecturer_23792,23792
Lecturer_23793,23793
Lecturer_23794,23794
Lecturer_23795,23795
Lecturer_23796,23796
Lecturer_23797,23797
Lecturer_23798,23798
Lecturer_23799,23799
Lecturer_23800,23800
Lecturer_23801,23801
Lecturer_23802,23802
Lecturer_23803,23803
Lecturer_23804,23804
Lecturer_23805,23805
Lecturer_23806,23806
Lecturer_23807,23807
Lecturer_23808,23808
Lecturer_23809,23809
Lecturer_23810,23810
Lecturer_23811,23811
Lecturer_23812,23812
Lecturer_23813,23813
Lecturer_23814,23814
Lecturer_23815,23815
Lecturer_23816,23816
Lecturer_23817,23817
Lecturer_23818,23818
Lecturer_23819,23819
Lecturer_23820,23820
Lecturer_23821,23821
Lecturer_23822,23822
Lecturer_23823,23823
Lecturer_23824,23824
Lecturer_23825,23825
Lecturer_23826,23826
Lecturer_23827,23827
Lecturer_23828,23828
Lecturer_23829,23829
Lecturer_23830,23830
Lecturer_23831,23831
Lecturer_23832,23832
Lecturer_23833,23833
Lecturer_23834,23834
Lecturer_23835,23835
Lecturer_23836,23836
Lecturer_23837,23837
Lecturer_23838,23838
Lecturer_23839,23839
Lecturer_23840,23840
Lecturer_23841,23841
Lecturer_23842,23842
Lecturer_23843,23843
Lecturer_23844,23844
Lecturer_23845,23845
Lecturer_23846,23846
Lecturer_23847,23847
Lecturer_23848,23848
Lecturer_23849,23849
Lecturer_23850,23850
Lecturer_23851,23851
Lecturer_23852,23852
Lecturer_23853,23853
Lecturer_23854,23854
Lecturer_23855,23855
Lecturer_23856,23856
Lecturer_23857,23857
Lecturer_23858,23858
Lecturer_23859,23859
Lecturer_23860,23860
Lecturer_23861,23861
Lecturer_23862,23862
Lecturer_23863,23863
Lecturer_23864,23864
Lecturer_23865,23865
Lecturer_23866,23866
Lecturer_23867,23867
Lecturer_23868,23868
Lecturer_23869,23869
Lecturer_23870,23870
Lecturer_23871,23871
Lecturer_23872,23872
Lecturer_23873,23873
Lecturer_23874,23874
Lecturer_23875,23875
Lecturer_23876,23876
Lecturer_23877,23877
Lecturer_23878,23878
Lecturer_23879,23879
Lecturer_23880,23880
Lecturer_23881,23881
Lecturer_23882,23882
Lecturer_23883,23883
Lecturer_23884,23884
Lecturer_23885,23885
Lecturer_23886,23886
Lecturer_23887,23887
Lecturer_23888,23888
Lecturer_23889,23889
Lecturer_23890,23890
Lecturer_23891,23891
Lecturer_23892,23892
Lecturer_23893,23893
Lecturer_23894,23894
Lecturer_23895,23895
Lecturer_23896,23896
Lecturer_23897,23897
Lecturer_23898,23898
Lecturer_23899,23899
Lecturer_23900,23900
Lecturer_23901,23901
Lecturer_23902,23902
Lecturer_23903,23903
Lecturer_23904,23904
Lecturer_23905,23905
Lecturer_23906,23906
Lecturer_23907,23907
Lecturer_23908,23908
Lecturer_23909,23909
Lecturer_23910,23910
Lecturer_23911,23911
Lecturer_23912,23912
Lecturer_23913,23913
Lecturer_23914,23914
Lecturer_23915,23915
Lecturer_23916,23916
Lecturer_23917,23917
Lecturer_23918,23918
Lecturer_23919,23919
Lecturer_23920,23920
Lecturer_23921,23921
Lecturer_23922,23922
Lecturer_23923,23923
Lecturer_23924,23924
Lecturer_23925,23925
Lecturer_23926,23926
Lecturer_23927,23927
Lecturer_23928,23928
Lecturer_23929,23929
Lecturer_23930,23930
Lecturer_23931,23931
Lecturer_23932,23932
Lecturer_23933,23933
Lecturer_23934,23934
Lecturer_23935,23935
Lecturer_23936,23936
Lecturer_23937,23937
Lecturer_23938,23938
Lecturer_23939,23939
Lecturer_23940,23940
Lecturer_23941,23941
Lecturer_23942,23942
Lecturer_23943,23943
Lecturer_23944,23944
Lecturer_23945,23945
Lecturer_23946,23946
Lecturer_23947,23947
Lecturer_23948,23948
Lecturer_23949,23949
Lecturer_23950,23950
Lecturer_23951,23951
Lecturer_23952,23952
Lecturer_23953,23953
Lecturer_23954,23954
Lecturer_23955,23955
Lecturer_23956,23956
Lecturer_23957,23957
Lecturer_23958,23958
Lecturer_23959,23959
Lecturer_23960,23960
Lecturer_23961,23961
Lecturer_23962,23962
Lecturer_23963,23963
Lecturer_23964,23964
Lecturer_23965,23965
Lecturer_23966,23966
Lecturer_23967,23967
Lecturer_23968,23968
Lecturer_23969,23969
Lecturer_23970,23970
Lecturer_23971,23971
Lecturer_23972,23972
Lecturer_23973,23973
Lecturer_23974,23974
Lecturer_23975,23975
Lecturer_23976,23976
Lecturer_23977,23977
Lecturer_23978,23978
Lecturer_23979,23979
Lecturer_23980,23980
Lecturer_23981,23981
Lecturer_23982,23982
Lecturer_23983,23983
Lecturer_23984,23984
Lecturer_23985,23985
Lecturer_23986,23986
Lecturer_23987,23987
Lecturer_23988,23988
Lecturer_23989,23989
Lecturer_23990,23990
Lecturer_23991,23991
Lecturer_23992,23992
Lecturer_23993,23993
Lecturer_23994,23994
Lecturer_23995,23995
Lecturer_23996,23996
Lecturer_23997,23997
Lecturer_23998,23998
Lecturer_23999,23999
Lecturer_24000,24000
Lecturer_24001,24001
Lecturer_24002,24002
Lecturer_24003,24003
Lecturer_24004,24004
Lecturer_24005,24005
Lecturer_24006,24006
Lecturer_24007,24007
Lecturer_24008,24008
Lecturer_24009,24009
Lecturer_24010,24010
Lecturer_24011,24011
Lecturer_24012,24012
Lecturer_24013,24013
Lecturer_24014,24014
Lecturer_24015,24015
Lecturer_24016,24016
Lecturer_24017,24017
Lecturer_24018,24018
Lecturer_24019,24019
Lecturer_24020,24020
Lecturer_24021,24021
Lecturer_24022,24022
Lecturer_24023,24023
Lecturer_24024,24024
Lecturer_24025,24025
Lecturer_24026,24026
Lecturer_24027,24027
Lecturer_24028,24028
Lecturer_24029,24029
Lecturer_24030,24030
Lecturer_24031,24031
Lecturer_24032,24032
Lecturer_24033,24033
Lecturer_24034,24034
Lecturer_24035,24035
Lecturer_24036,24036
Lecturer_24037,24037
Lecturer_24038,24038
Lecturer_24039,24039
Lecturer_24040,24040
Lecturer_24041,24041
Lecturer_24042,24042
Lecturer_24043,24043
Lecturer_24044,24044
Lecturer_24045,24045
Lecturer_24046,24046
Lecturer_24047,24047
Lecturer_24048,24048
Lecturer_24049,24049
Lecturer_24050,24050
Lecturer_24051,24051
Lecturer_24052,24052
Lecturer_24053,24053
Lecturer_24054,24054
Lecturer_24055,24055
Lecturer_24056,24056
Lecturer_24057,24057
Lecturer_24058,24058
Lecturer_24059,24059
Lecturer_24060,24060
Lecturer_24061,24061
Lecturer_24062,24062
Lecturer_24063,24063
Lecturer_24064,24064
Lecturer_24065,24065
Lecturer_24066,24066
Lecturer_24067,24067
Lecturer_24068,24068
Lecturer_24069,24069
Lecturer_24070,24070
Lecturer_24071,24071
Lecturer_24072,24072
Lecturer_24073,24073
Lecturer_24074,24074
Lecturer_24075,24075
Lecturer_24076,24076
Lecturer_24077,24077
Lecturer_24078,24078
Lecturer_24079,24079
Lecturer_24080,24080
Lecturer_24081,24081
Lecturer_24082,24082
Lecturer_24083,24083
Lecturer_24084,24084
Lecturer_24085,24085
Lecturer_24086,24086
Lecturer_24087,24087
Lecturer_24088,24088
Lecturer_24089,24089
Lecturer_24090,24090
Lecturer_24091,24091
Lecturer_24092,24092
Lecturer_24093,24093
Lecturer_24094,24094
Lecturer_24095,24095
Lecturer_24096,24096
Lecturer_24097,24097
Lecturer_24098,24098
Lecturer_24099,24099
Lecturer_24100,24100
Lecturer_24101,24101
Lecturer_24102,24102
Lecturer_24103,24103
Lecturer_24104,24104
Lecturer_24105,24105
Lecturer_24106,24106
Lecturer_24107,24107
Lecturer_24108,24108
Lecturer_24109,24109
Lecturer_24110,24110
Lecturer_24111,24111
Lecturer_24112,24112
Lecturer_24113,24113
Lecturer_24114,24114
Lecturer_24115,24115
Lecturer_24116,24116
Lecturer_24117,24117
Lecturer_24118,24118
Lecturer_24119,24119
Lecturer_24120,24120
Lecturer_24121,24121
Lecturer_24122,24122
Lecturer_24123,24123
Lecturer_24124,24124
Lecturer_24125,24125
Lecturer_24126,24126
Lecturer_24127,24127
Lecturer_24128,24128
Lecturer_24129,24129
Lecturer_24130,24130
Lecturer_24131,24131
Lecturer_24132,24132
Lecturer_24133,24133
Lecturer_24134,24134
Lecturer_24135,24135
Lecturer_24136,24136
Lecturer_24137,24137
Lecturer_24138,24138
Lecturer_24139,24139
Lecturer_24140,24140
Lecturer_24141,24141
Lecturer_24142,24142
Lecturer_24143,24143
Lecturer_24144,24144
Lecturer_24145,24145
Lecturer_24146,24146
Lecturer_24147,24147
Lecturer_24148,24148
Lecturer_24149,24149
Lecturer_24150,24150
Lecturer_24151,24151
Lecturer_24152,24152
Lecturer_24153,24153
Lecturer_24154,24154
Lecturer_24155,24155
Lecturer_24156,24156
Lecturer_24157,24157
Lecturer_24158,24158
Lecturer_24159,24159
Lecturer_24160,24160
Lecturer_24161,24161
Lecturer_24162,24162
Lecturer_24163,24163
Lecturer_24164,24164
Lecturer_24165,24165
Lecturer_24166,24166
Lecturer_24167,24167
Lecturer_24168,24168
Lecturer_24169,24169
Lecturer_24170,24170
Lecturer_24171,24171
Lecturer_24172,24172
Lecturer_24173,24173
Lecturer_24174,24174
Lecturer_24175,24175
Lecturer_24176,24176
Lecturer_24177,24177
Lecturer_24178,24178
Lecturer_24179,24179
Lecturer_24180,24180
Lecturer_24181,24181
Lecturer_24182,24182
Lecturer_24183,24183
Lecturer_24184,24184
Lecturer_24185,24185
Lecturer_24186,24186
Lecturer_24187,24187
Lecturer_24188,24188
Lecturer_24189,24189
Lecturer_24190,24190
Lecturer_24191,24191
Lecturer_24192,24192
Lecturer_24193,24193
Lecturer_24194,24194
Lecturer_24195,24195
Lecturer_24196,24196
Lecturer_24197,24197
Lecturer_24198,24198
Lecturer_24199,24199
Lecturer_24200,24200
Lecturer_24201,24201
Lecturer_24202,24202
Lecturer_24203,24203
Lecturer_24204,24204
Lecturer_24205,24205
Lecturer_24206,24206
Lecturer_24207,24207
Lecturer_24208,24208
Lecturer_24209,24209
Lecturer_24210,24210
Lecturer_24211,24211
Lecturer_24212,24212
Lecturer_24213,24213
Lecturer_24214,24214
Lecturer_24215,24215
Lecturer_24216,24216
Lecturer_24217,24217
Lecturer_24218,24218
Lecturer_24219,24219
Lecturer_24220,24220
Lecturer_24221,24221
Lecturer_24222,24222
Lecturer_24223,24223
Lecturer_24224,24224
Lecturer_24225,24225
Lecturer_24226,24226
Lecturer_24227,24227
Lecturer_24228,24228
Lecturer_24229,24229
Lecturer_24230,24230
Lecturer_24231,24231
Lecturer_24232,24232
Lecturer_24233,24233
Lecturer_24234,24234
Lecturer_24235,24235
Lecturer_24236,24236
Lecturer_24237,24237
Lecturer_24238,24238
Lecturer_24239,24239
Lecturer_24240,24240
Lecturer_24241,24241
Lecturer_24242,24242
Lecturer_24243,24243
Lecturer_24244,24244
Lecturer_24245,24245
Lecturer_24246,24246
Lecturer_24247,24247
Lecturer_24248,24248
Lecturer_24249,24249
Lecturer_24250,24250
Lecturer_24251,24251
Lecturer_24252,24252
Lecturer_24253,24253
Lecturer_24254,24254
Lecturer_24255,24255
Lecturer_24256,24256
Lecturer_24257,24257
Lecturer_24258,24258
Lecturer_24259,24259
Lecturer_24260,24260
Lecturer_24261,24261
Lecturer_24262,24262
Lecturer_24263,24263
Lecturer_24264,24264
Lecturer_24265,24265
Lecturer_24266,24266
Lecturer_24267,24267
Lecturer_24268,24268
Lecturer_24269,24269
Lecturer_24270,24270
Lecturer_24271,24271
Lecturer_24272,24272
Lecturer_24273,24273
Lecturer_24274,24274
Lecturer_24275,24275
Lecturer_24276,24276
Lecturer_24277,24277
Lecturer_24278,24278
Lecturer_24279,24279
Lecturer_24280,24280
Lecturer_24281,24281
Lecturer_24282,24282
Lecturer_24283,24283
Lecturer_24284,24284
Lecturer_24285,24285
Lecturer_24286,24286
Lecturer_24287,24287
Lecturer_24288,24288
Lecturer_24289,24289
Lecturer_24290,24290
Lecturer_24291,24291
Lecturer_24292,24292
Lecturer_24293,24293
Lecturer_24294,24294
Lecturer_24295,24295
Lecturer_24296,24296
Lecturer_24297,24297
Lecturer_24298,24298
Lecturer_24299,24299
Lecturer_24300,24300
Lecturer_24301,24301
Lecturer_24302,24302
Lecturer_24303,24303
Lecturer_24304,24304
Lecturer_24305,24305
Lecturer_24306,24306
Lecturer_24307,24307
Lecturer_24308,24308
Lecturer_24309,24309
Lecturer_24310,24310
Lecturer_24311,24311
Lecturer_24312,24312
Lecturer_24313,24313
Lecturer_24314,24314
Lecturer_24315,24315
Lecturer_24316,24316
Lecturer_24317,24317
Lecturer_24318,24318
Lecturer_24319,24319
Lecturer_24320,24320
Lecturer_24321,24321
Lecturer_24322,24322
Lecturer_24323,24323
Lecturer_24324,24324
Lecturer_24325,24325
Lecturer_24326,24326
Lecturer_24327,24327
Lecturer_24328,24328
Lecturer_24329,24329
Lecturer_24330,24330
Lecturer_24331,24331
Lecturer_24332,24332
Lecturer_24333,24333
Lecturer_24334,24334
Lecturer_24335,24335
Lecturer_24336,24336
Lecturer_24337,24337
Lecturer_24338,24338
Lecturer_24339,24339
Lecturer_24340,24340
Lecturer_24341,24341
Lecturer_24342,24342
Lecturer_24343,24343
Lecturer_24344,24344
Lecturer_24345,24345
Lecturer_24346,24346
Lecturer_24347,24347
Lecturer_24348,24348
Lecturer_24349,24349
Lecturer_24350,24350
Lecturer_24351,24351
Lecturer_24352,24352
Lecturer_24353,24353
Lecturer_24354,24354
Lecturer_24355,24355
Lecturer_24356,24356
Lecturer_24357,24357
Lecturer_24358,24358
Lecturer_24359,24359
Lecturer_24360,24360
Lecturer_24361,24361
Lecturer_24362,24362
Lecturer_24363,24363
Lecturer_24364,24364
Lecturer_24365,24365
Lecturer_24366,24366
Lecturer_24367,24367
Lecturer_24368,24368
Lecturer_24369,24369
Lecturer_24370,24370
Lecturer_24371,24371
Lecturer_24372,24372
Lecturer_24373,24373
Lecturer_24374,24374
Lecturer_24375,24375
Lecturer_24376,24376
Lecturer_24377,24377
Lecturer_24378,24378
Lecturer_24379,24379
Lecturer_24380,24380
Lecturer_24381,24381
Lecturer_24382,24382
Lecturer_24383,24383
Lecturer_24384,24384
Lecturer_24385,24385
Lecturer_24386,24386
Lecturer_24387,24387
Lecturer_24388,24388
Lecturer_24389,24389
Lecturer_24390,24390
Lecturer_24391,24391
Lecturer_24392,24392
Lecturer_24393,24393
Lecturer_24394,24394
Lecturer_24395,24395
Lecturer_24396,24396
Lecturer_24397,24397
Lecturer_24398,24398
Lecturer_24399,24399
Lecturer_24400,24400
Lecturer_24401,24401
Lecturer_24402,24402
Lecturer_24403,24403
Lecturer_24404,24404
Lecturer_24405,24405
Lecturer_24406,24406
Lecturer_24407,24407
Lecturer_24408,24408
Lecturer_24409,24409
Lecturer_24410,24410
Lecturer_24411,24411
Lecturer_24412,24412
Lecturer_24413,24413
Lecturer_24414,24414
Lecturer_24415,24415
Lecturer_24416,24416
Lecturer_24417,24417
Lecturer_24418,24418
Lecturer_24419,24419
Lecturer_24420,24420
Lecturer_24421,24421
Lecturer_24422,24422
Lecturer_24423,24423
Lecturer_24424,24424
Lecturer_24425,24425
Lecturer_24426,24426
Lecturer_24427,24427
Lecturer_24428,24428
Lecturer_24429,24429
Lecturer_24430,24430
Lecturer_24431,24431
Lecturer_24432,24432
Lecturer_24433,24433
Lecturer_24434,24434
Lecturer_24435,24435
Lecturer_24436,24436
Lecturer_24437,24437
Lecturer_24438,24438
Lecturer_24439,24439
Lecturer_24440,24440
Lecturer_24441,24441
Lecturer_24442,24442
Lecturer_24443,24443
Lecturer_24444,24444
Lecturer_24445,24445
Lecturer_24446,24446
Lecturer_24447,24447
Lecturer_24448,24448
Lecturer_24449,24449
Lecturer_24450,24450
Lecturer_24451,24451
Lecturer_24452,24452
Lecturer_24453,24453
Lecturer_24454,24454
Lecturer_24455,24455
Lecturer_24456,24456
Lecturer_24457,24457
Lecturer_24458,24458
Lecturer_24459,24459
Lecturer_24460,24460
Lecturer_24461,24461
Lecturer_24462,24462
Lecturer_24463,24463
Lecturer_24464,24464
Lecturer_24465,24465
Lecturer_24466,24466
Lecturer_24467,24467
Lecturer_24468,24468
Lecturer_24469,24469
Lecturer_24470,24470
Lecturer_24471,24471
Lecturer_24472,24472
Lecturer_24473,24473
Lecturer_24474,24474
Lecturer_24475,24475
Lecturer_24476,24476
Lecturer_24477,24477
Lecturer_24478,24478
Lecturer_24479,24479
Lecturer_24480,24480
Lecturer_24481,24481
Lecturer_24482,24482
Lecturer_24483,24483
Lecturer_24484,24484
Lecturer_24485,24485
Lecturer_24486,24486
Lecturer_24487,24487
Lecturer_24488,24488
Lecturer_24489,24489
Lecturer_24490,24490
Lecturer_24491,24491
Lecturer_24492,24492
Lecturer_24493,24493
Lecturer_24494,24494
Lecturer_24495,24495
Lecturer_24496,24496
Lecturer_24497,24497
Lecturer_24498,24498
Lecturer_24499,24499
Lecturer_24500,24500
Lecturer_24501,24501
Lecturer_24502,24502
Lecturer_24503,24503
Lecturer_24504,24504
Lecturer_24505,24505
Lecturer_24506,24506
Lecturer_24507,24507
Lecturer_24508,24508
Lecturer_24509,24509
Lecturer_24510,24510
Lecturer_24511,24511
Lecturer_24512,24512
Lecturer_24513,24513
Lecturer_24514,24514
Lecturer_24515,24515
Lecturer_24516,24516
Lecturer_24517,24517
Lecturer_24518,24518
Lecturer_24519,24519
Lecturer_24520,24520
Lecturer_24521,24521
Lecturer_24522,24522
Lecturer_24523,24523
Lecturer_24524,24524
Lecturer_24525,24525
Lecturer_24526,24526
Lecturer_24527,24527
Lecturer_24528,24528
Lecturer_24529,24529
Lecturer_24530,24530
Lecturer_24531,24531
Lecturer_24532,24532
Lecturer_24533,24533
Lecturer_24534,24534
Lecturer_24535,24535
Lecturer_24536,24536
Lecturer_24537,24537
Lecturer_24538,24538
Lecturer_24539,24539
Lecturer_24540,24540
Lecturer_24541,24541
Lecturer_24542,24542
Lecturer_24543,24543
Lecturer_24544,24544
Lecturer_24545,24545
Lecturer_24546,24546
Lecturer_24547,24547
Lecturer_24548,24548
Lecturer_24549,24549
Lecturer_24550,24550
Lecturer_24551,24551
Lecturer_24552,24552
Lecturer_24553,24553
Lecturer_24554,24554
Lecturer_24555,24555
Lecturer_24556,24556
Lecturer_24557,24557
Lecturer_24558,24558
Lecturer_24559,24559
Lecturer_24560,24560
Lecturer_24561,24561
Lecturer_24562,24562
Lecturer_24563,24563
Lecturer_24564,24564
Lecturer_24565,24565
Lecturer_24566,24566
Lecturer_24567,24567
Lecturer_24568,24568
Lecturer_24569,24569
Lecturer_24570,24570
Lecturer_24571,24571
Lecturer_24572,24572
Lecturer_24573,24573
Lecturer_24574,24574
Lecturer_24575,24575
Lecturer_24576,24576
Lecturer_24577,24577
Lecturer_24578,24578
Lecturer_24579,24579
Lecturer_24580,24580
Lecturer_24581,24581
Lecturer_24582,24582
Lecturer_24583,24583
Lecturer_24584,24584
Lecturer_24585,24585
Lecturer_24586,24586
Lecturer_24587,24587
Lecturer_24588,24588
Lecturer_24589,24589
Lecturer_24590,24590
Lecturer_24591,24591
Lecturer_24592,24592
Lecturer_24593,24593
Lecturer_24594,24594
Lecturer_24595,24595
Lecturer_24596,24596
Lecturer_24597,24597
Lecturer_24598,24598
Lecturer_24599,24599
Lecturer_24600,24600
Lecturer_24601,24601
Lecturer_24602,24602
Lecturer_24603,24603
Lecturer_24604,24604
Lecturer_24605,24605
Lecturer_24606,24606
Lecturer_24607,24607
Lecturer_24608,24608
Lecturer_24609,24609
Lecturer_24610,24610
Lecturer_24611,24611
Lecturer_24612,24612
Lecturer_24613,24613
Lecturer_24614,24614
Lecturer_24615,24615
Lecturer_24616,24616
Lecturer_24617,24617
Lecturer_24618,24618
Lecturer_24619,24619
Lecturer_24620,24620
Lecturer_24621,24621
Lecturer_24622,24622
Lecturer_24623,24623
Lecturer_24624,24624
Lecturer_24625,24625
Lecturer_24626,24626
Lecturer_24627,24627
Lecturer_24628,24628
Lecturer_24629,24629
Lecturer_24630,24630
Lecturer_24631,24631
Lecturer_24632,24632
Lecturer_24633,24633
Lecturer_24634,24634
Lecturer_24635,24635
Lecturer_24636,24636
Lecturer_24637,24637
Lecturer_24638,24638
Lecturer_24639,24639
Lecturer_24640,24640
Lecturer_24641,24641
Lecturer_24642,24642
Lecturer_24643,24643
Lecturer_24644,24644
Lecturer_24645,24645
Lecturer_24646,24646
Lecturer_24647,24647
Lecturer_24648,24648
Lecturer_24649,24649
Lecturer_24650,24650
Lecturer_24651,24651
Lecturer_24652,24652
Lecturer_24653,24653
Lecturer_24654,24654
Lecturer_24655,24655
Lecturer_24656,24656
Lecturer_24657,24657
Lecturer_24658,24658
Lecturer_24659,24659
Lecturer_24660,24660
Lecturer_24661,24661
Lecturer_24662,24662
Lecturer_24663,24663
Lecturer_24664,24664
Lecturer_24665,24665
Lecturer_24666,24666
Lecturer_24667,24667
Lecturer_24668,24668
Lecturer_24669,24669
Lecturer_24670,24670
Lecturer_24671,24671
Lecturer_24672,24672
Lecturer_24673,24673
Lecturer_24674,24674
Lecturer_24675,24675
Lecturer_24676,24676
Lecturer_24677,24677
Lecturer_24678,24678
Lecturer_24679,24679
Lecturer_24680,24680
Lecturer_24681,24681
Lecturer_24682,24682
Lecturer_24683,24683
Lecturer_24684,24684
Lecturer_24685,24685
Lecturer_24686,24686
Lecturer_24687,24687
Lecturer_24688,24688
Lecturer_24689,24689
Lecturer_24690,24690
Lecturer_24691,24691
Lecturer_24692,24692
Lecturer_24693,24693
Lecturer_24694,24694
Lecturer_24695,24695
Lecturer_24696,24696
Lecturer_24697,24697
Lecturer_24698,24698
Lecturer_24699,24699
Lecturer_24700,24700
Lecturer_24701,24701
Lecturer_24702,24702
Lecturer_24703,24703
Lecturer_24704,24704
Lecturer_24705,24705
Lecturer_24706,24706
Lecturer_24707,24707
Lecturer_24708,24708
Lecturer_24709,24709
Lecturer_24710,24710
Lecturer_24711,24711
Lecturer_24712,24712
Lecturer_24713,24713
Lecturer_24714,24714
Lecturer_24715,24715
Lecturer_24716,24716
Lecturer_24717,24717
Lecturer_24718,24718
Lecturer_24719,24719
Lecturer_24720,24720
Lecturer_24721,24721
Lecturer_24722,24722
Lecturer_24723,24723
Lecturer_24724,24724
Lecturer_24725,24725
Lecturer_24726,24726
Lecturer_24727,24727
Lecturer_24728,24728
Lecturer_24729,24729
Lecturer_24730,24730
Lecturer_24731,24731
Lecturer_24732,24732
Lecturer_24733,24733
Lecturer_24734,24734
Lecturer_24735,24735
Lecturer_24736,24736
Lecturer_24737,24737
Lecturer_24738,24738
Lecturer_24739,24739
Lecturer_24740,24740
Lecturer_24741,24741
Lecturer_24742,24742
Lecturer_24743,24743
Lecturer_24744,24744
Lecturer_24745,24745
Lecturer_24746,24746
Lecturer_24747,24747
Lecturer_24748,24748
Lecturer_24749,24749
Lecturer_24750,24750
Lecturer_24751,24751
Lecturer_24752,24752
Lecturer_24753,24753
Lecturer_24754,24754
Lecturer_24755,24755
Lecturer_24756,24756
Lecturer_24757,24757
Lecturer_24758,24758
Lecturer_24759,24759
Lecturer_24760,24760
Lecturer_24761,24761
Lecturer_24762,24762
Lecturer_24763,24763
Lecturer_24764,24764
Lecturer_24765,24765
Lecturer_24766,24766
Lecturer_24767,24767
Lecturer_24768,24768
Lecturer_24769,24769
Lecturer_24770,24770
Lecturer_24771,24771
Lecturer_24772,24772
Lecturer_24773,24773
Lecturer_24774,24774
Lecturer_24775,24775
Lecturer_24776,24776
Lecturer_24777,24777
Lecturer_24778,24778
Lecturer_24779,24779
Lecturer_24780,24780
Lecturer_24781,24781
Lecturer_24782,24782
Lecturer_24783,24783
Lecturer_24784,24784
Lecturer_24785,24785
Lecturer_24786,24786
Lecturer_24787,24787
Lecturer_24788,24788
Lecturer_24789,24789
Lecturer_24790,24790
Lecturer_24791,24791
Lecturer_24792,24792
Lecturer_24793,24793
Lecturer_24794,24794
Lecturer_24795,24795
Lecturer_24796,24796
Lecturer_24797,24797
Lecturer_24798,24798
Lecturer_24799,24799
Lecturer_24800,24800
Lecturer_24801,24801
Lecturer_24802,24802
Lecturer_24803,24803
Lecturer_24804,24804
Lecturer_24805,24805
Lecturer_24806,24806
Lecturer_24807,24807
Lecturer_24808,24808
Lecturer_24809,24809
Lecturer_24810,24810
Lecturer_24811,24811
Lecturer_24812,24812
Lecturer_24813,24813
Lecturer_24814,24814
Lecturer_24815,24815
Lecturer_24816,24816
Lecturer_24817,24817
Lecturer_24818,24818
Lecturer_24819,24819
Lecturer_24820,24820
Lecturer_24821,24821
Lecturer_24822,24822
Lecturer_24823,24823
Lecturer_24824,24824
Lecturer_24825,24825
Lecturer_24826,24826
Lecturer_24827,24827
Lecturer_24828,24828
Lecturer_24829,24829
Lecturer_24830,24830
Lecturer_24831,24831
Lecturer_24832,24832
Lecturer_24833,24833
Lecturer_24834,24834
Lecturer_24835,24835
Lecturer_24836,24836
Lecturer_24837,24837
Lecturer_24838,24838
Lecturer_24839,24839
Lecturer_24840,24840
Lecturer_24841,24841
Lecturer_24842,24842
Lecturer_24843,24843
Lecturer_24844,24844
Lecturer_24845,24845
Lecturer_24846,24846
Lecturer_24847,24847
Lecturer_24848,24848
Lecturer_24849,24849
Lecturer_24850,24850
Lecturer_24851,24851
Lecturer_24852,24852
Lecturer_24853,24853
Lecturer_24854,24854
Lecturer_24855,24855
Lecturer_24856,24856
Lecturer_24857,24857
Lecturer_24858,24858
Lecturer_24859,24859
Lecturer_24860,24860
Lecturer_24861,24861
Lecturer_24862,24862
Lecturer_24863,24863
Lecturer_24864,24864
Lecturer_24865,24865
Lecturer_24866,24866
Lecturer_24867,24867
Lecturer_24868,24868
Lecturer_24869,24869
Lecturer_24870,24870
Lecturer_24871,24871
Lecturer_24872,24872
Lecturer_24873,24873
Lecturer_24874,24874
Lecturer_24875,24875
Lecturer_24876,24876
Lecturer_24877,24877
Lecturer_24878,24878
Lecturer_24879,24879
Lecturer_24880,24880
Lecturer_24881,24881
Lecturer_24882,24882
Lecturer_24883,24883
Lecturer_24884,24884
Lecturer_24885,24885
Lecturer_24886,24886
Lecturer_24887,24887
Lecturer_24888,24888
Lecturer_24889,24889
Lecturer_24890,24890
Lecturer_24891,24891
Lecturer_24892,24892
Lecturer_24893,24893
Lecturer_24894,24894
Lecturer_24895,24895
Lecturer_24896,24896
Lecturer_24897,24897
Lecturer_24898,24898
Lecturer_24899,24899
Lecturer_24900,24900
Lecturer_24901,24901
Lecturer_24902,24902
Lecturer_24903,24903
Lecturer_24904,24904
Lecturer_24905,24905
Lecturer_24906,24906
Lecturer_24907,24907
Lecturer_24908,24908
Lecturer_24909,24909
Lecturer_24910,24910
Lecturer_24911,24911
Lecturer_24912,24912
Lecturer_24913,24913
Lecturer_24914,24914
Lecturer_24915,24915
Lecturer_24916,24916
Lecturer_24917,24917
Lecturer_24918,24918
Lecturer_24919,24919
Lecturer_24920,24920
Lecturer_24921,24921
Lecturer_24922,24922
Lecturer_24923,24923
Lecturer_24924,24924
Lecturer_24925,24925
Lecturer_24926,24926
Lecturer_24927,24927
Lecturer_24928,24928
Lecturer_24929,24929
Lecturer_24930,24930
Lecturer_24931,24931
Lecturer_24932,24932
Lecturer_24933,24933
Lecturer_24934,24934
Lecturer_24935,24935
Lecturer_24936,24936
Lecturer_24937,24937
Lecturer_24938,24938
Lecturer_24939,24939
Lecturer_24940,24940
Lecturer_24941,24941
Lecturer_24942,24942
Lecturer_24943,24943
Lecturer_24944,24944
Lecturer_24945,24945
Lecturer_24946,24946
Lecturer_24947,24947
Lecturer_24948,24948
Lecturer_24949,24949
Lecturer_24950,24950
Lecturer_24951,24951
Lecturer_24952,24952
Lecturer_24953,24953
Lecturer_24954,24954
Lecturer_24955,24955
Lecturer_24956,24956
Lecturer_24957,24957
Lecturer_24958,24958
Lecturer_24959,24959
Lecturer_24960,24960
Lecturer_24961,24961
Lecturer_24962,24962
Lecturer_24963,24963
Lecturer_24964,24964
Lecturer_24965,24965
Lecturer_24966,24966
Lecturer_24967,24967
Lecturer_24968,24968
Lecturer_24969,24969
Lecturer_24970,24970
Lecturer_24971,24971
Lecturer_24972,24972
Lecturer_24973,24973
Lecturer_24974,24974
Lecturer_24975,24975
Lecturer_24976,24976
Lecturer_24977,24977
Lecturer_24978,24978
Lecturer_24979,24979
Lecturer_24980,24980
Lecturer_24981,24981
Lecturer_24982,24982
Lecturer_24983,24983
Lecturer_24984,24984
Lecturer_24985,24985
Lecturer_24986,24986
Lecturer_24987,24987
Lecturer_24988,24988
Lecturer_24989,24989
Lecturer_24990,24990
Lecturer_24991,24991
Lecturer_24992,24992
Lecturer_24993,24993
Lecturer_24994,24994
Lecturer_24995,24995
Lecturer_24996,24996
Lecturer_24997,24997
Lecturer_24998,24998
Lecturer_24999,24999
Lecturer_25000,25000
Lecturer_25001,25001
Lecturer_25002,25002
Lecturer_25003,25003
Lecturer_25004,25004
Lecturer_25005,25005
Lecturer_25006,25006
Lecturer_25007,25007
Lecturer_25008,25008
Lecturer_25009,25009
Lecturer_25010,25010
Lecturer_25011,25011
Lecturer_25012,25012
Lecturer_25013,25013
Lecturer_25014,25014
Lecturer_25015,25015
Lecturer_25016,25016
Lecturer_25017,25017
Lecturer_25018,25018
Lecturer_25019,25019
Lecturer_25020,25020
Lecturer_25021,25021
Lecturer_25022,25022
Lecturer_25023,25023
Lecturer_25024,25024
Lecturer_25025,25025
Lecturer_25026,25026
Lecturer_25027,25027
Lecturer_25028,25028
Lecturer_25029,25029
Lecturer_25030,25030
Lecturer_25031,25031
Lecturer_25032,25032
Lecturer_25033,25033
Lecturer_25034,25034
Lecturer_25035,25035
Lecturer_25036,25036
Lecturer_25037,25037
Lecturer_25038,25038
Lecturer_25039,25039
Lecturer_25040,25040
Lecturer_25041,25041
Lecturer_25042,25042
Lecturer_25043,25043
Lecturer_25044,25044
Lecturer_25045,25045
Lecturer_25046,25046
Lecturer_25047,25047
Lecturer_25048,25048
Lecturer_25049,25049
Lecturer_25050,25050
Lecturer_25051,25051
Lecturer_25052,25052
Lecturer_25053,25053
Lecturer_25054,25054
Lecturer_25055,25055
Lecturer_25056,25056
Lecturer_25057,25057
Lecturer_25058,25058
Lecturer_25059,25059
Lecturer_25060,25060
Lecturer_25061,25061
Lecturer_25062,25062
Lecturer_25063,25063
Lecturer_25064,25064
Lecturer_25065,25065
Lecturer_25066,25066
Lecturer_25067,25067
Lecturer_25068,25068
Lecturer_25069,25069
Lecturer_25070,25070
Lecturer_25071,25071
Lecturer_25072,25072
Lecturer_25073,25073
Lecturer_25074,25074
Lecturer_25075,25075
Lecturer_25076,25076
Lecturer_25077,25077
Lecturer_25078,25078
Lecturer_25079,25079
Lecturer_25080,25080
Lecturer_25081,25081
Lecturer_25082,25082
Lecturer_25083,25083
Lecturer_25084,25084
Lecturer_25085,25085
Lecturer_25086,25086
Lecturer_25087,25087
Lecturer_25088,25088
Lecturer_25089,25089
Lecturer_25090,25090
Lecturer_25091,25091
Lecturer_25092,25092
Lecturer_25093,25093
Lecturer_25094,25094
Lecturer_25095,25095
Lecturer_25096,25096
Lecturer_25097,25097
Lecturer_25098,25098
Lecturer_25099,25099
Lecturer_25100,25100
Lecturer_25101,25101
Lecturer_25102,25102
Lecturer_25103,25103
Lecturer_25104,25104
Lecturer_25105,25105
Lecturer_25106,25106
Lecturer_25107,25107
Lecturer_25108,25108
Lecturer_25109,25109
Lecturer_25110,25110
Lecturer_25111,25111
Lecturer_25112,25112
Lecturer_25113,25113
Lecturer_25114,25114
Lecturer_25115,25115
Lecturer_25116,25116
Lecturer_25117,25117
Lecturer_25118,25118
Lecturer_25119,25119
Lecturer_25120,25120
Lecturer_25121,25121
Lecturer_25122,25122
Lecturer_25123,25123
Lecturer_25124,25124
Lecturer_25125,25125
Lecturer_25126,25126
Lecturer_25127,25127
Lecturer_25128,25128
Lecturer_25129,25129
Lecturer_25130,25130
Lecturer_25131,25131
Lecturer_25132,25132
Lecturer_25133,25133
Lecturer_25134,25134
Lecturer_25135,25135
Lecturer_25136,25136
Lecturer_25137,25137
Lecturer_25138,25138
Lecturer_25139,25139
Lecturer_25140,25140
Lecturer_25141,25141
Lecturer_25142,25142
Lecturer_25143,25143
Lecturer_25144,25144
Lecturer_25145,25145
Lecturer_25146,25146
Lecturer_25147,25147
Lecturer_25148,25148
Lecturer_25149,25149
Lecturer_25150,25150
Lecturer_25151,25151
Lecturer_25152,25152
Lecturer_25153,25153
Lecturer_25154,25154
Lecturer_25155,25155
Lecturer_25156,25156
Lecturer_25157,25157
Lecturer_25158,25158
Lecturer_25159,25159
Lecturer_25160,25160
Lecturer_25161,25161
Lecturer_25162,25162
Lecturer_25163,25163
Lecturer_25164,25164
Lecturer_25165,25165
Lecturer_25166,25166
Lecturer_25167,25167
Lecturer_25168,25168
Lecturer_25169,25169
Lecturer_25170,25170
Lecturer_25171,25171
Lecturer_25172,25172
Lecturer_25173,25173
Lecturer_25174,25174
Lecturer_25175,25175
Lecturer_25176,25176
Lecturer_25177,25177
Lecturer_25178,25178
Lecturer_25179,25179
Lecturer_25180,25180
Lecturer_25181,25181
Lecturer_25182,25182
Lecturer_25183,25183
Lecturer_25184,25184
Lecturer_25185,25185
Lecturer_25186,25186
Lecturer_25187,25187
Lecturer_25188,25188
Lecturer_25189,25189
Lecturer_25190,25190
Lecturer_25191,25191
Lecturer_25192,25192
Lecturer_25193,25193
Lecturer_25194,25194
Lecturer_25195,25195
Lecturer_25196,25196
Lecturer_25197,25197
Lecturer_25198,25198
Lecturer_25199,25199
Lecturer_25200,25200
Lecturer_25201,25201
Lecturer_25202,25202
Lecturer_25203,25203
Lecturer_25204,25204
Lecturer_25205,25205
Lecturer_25206,25206
Lecturer_25207,25207
Lecturer_25208,25208
Lecturer_25209,25209
Lecturer_25210,25210
Lecturer_25211,25211
Lecturer_25212,25212
Lecturer_25213,25213
Lecturer_25214,25214
Lecturer_25215,25215
Lecturer_25216,25216
Lecturer_25217,25217
Lecturer_25218,25218
Lecturer_25219,25219
Lecturer_25220,25220
Lecturer_25221,25221
Lecturer_25222,25222
Lecturer_25223,25223
Lecturer_25224,25224
Lecturer_25225,25225
Lecturer_25226,25226
Lecturer_25227,25227
Lecturer_25228,25228
Lecturer_25229,25229
Lecturer_25230,25230
Lecturer_25231,25231
Lecturer_25232,25232
Lecturer_25233,25233
Lecturer_25234,25234
Lecturer_25235,25235
Lecturer_25236,25236
Lecturer_25237,25237
Lecturer_25238,25238
Lecturer_25239,25239
Lecturer_25240,25240
Lecturer_25241,25241
Lecturer_25242,25242
Lecturer_25243,25243
Lecturer_25244,25244
Lecturer_25245,25245
Lecturer_25246,25246
Lecturer_25247,25247
Lecturer_25248,25248
Lecturer_25249,25249
Lecturer_25250,25250
Lecturer_25251,25251
Lecturer_25252,25252
Lecturer_25253,25253
Lecturer_25254,25254
Lecturer_25255,25255
Lecturer_25256,25256
Lecturer_25257,25257
Lecturer_25258,25258
Lecturer_25259,25259
Lecturer_25260,25260
Lecturer_25261,25261
Lecturer_25262,25262
Lecturer_25263,25263
Lecturer_25264,25264
Lecturer_25265,25265
Lecturer_25266,25266
Lecturer_25267,25267
Lecturer_25268,25268
Lecturer_25269,25269
Lecturer_25270,25270
Lecturer_25271,25271
Lecturer_25272,25272
Lecturer_25273,25273
Lecturer_25274,25274
Lecturer_25275,25275
Lecturer_25276,25276
Lecturer_25277,25277
Lecturer_25278,25278
Lecturer_25279,25279
Lecturer_25280,25280
Lecturer_25281,25281
Lecturer_25282,25282
Lecturer_25283,25283
Lecturer_25284,25284
Lecturer_25285,25285
Lecturer_25286,25286
Lecturer_25287,25287
Lecturer_25288,25288
Lecturer_25289,25289
Lecturer_25290,25290
Lecturer_25291,25291
Lecturer_25292,25292
Lecturer_25293,25293
Lecturer_25294,25294
Lecturer_25295,25295
Lecturer_25296,25296
Lecturer_25297,25297
Lecturer_25298,25298
Lecturer_25299,25299
Lecturer_25300,25300
Lecturer_25301,25301
Lecturer_25302,25302
Lecturer_25303,25303
Lecturer_25304,25304
Lecturer_25305,25305
Lecturer_25306,25306
Lecturer_25307,25307
Lecturer_25308,25308
Lecturer_25309,25309
Lecturer_25310,25310
Lecturer_25311,25311
Lecturer_25312,25312
Lecturer_25313,25313
Lecturer_25314,25314
Lecturer_25315,25315
Lecturer_25316,25316
Lecturer_25317,25317
Lecturer_25318,25318
Lecturer_25319,25319
Lecturer_25320,25320
Lecturer_25321,25321
Lecturer_25322,25322
Lecturer_25323,25323
Lecturer_25324,25324
Lecturer_25325,25325
Lecturer_25326,25326
Lecturer_25327,25327
Lecturer_25328,25328
Lecturer_25329,25329
Lecturer_25330,25330
Lecturer_25331,25331
Lecturer_25332,25332
Lecturer_25333,25333
Lecturer_25334,25334
Lecturer_25335,25335
Lecturer_25336,25336
Lecturer_25337,25337
Lecturer_25338,25338
Lecturer_25339,25339
Lecturer_25340,25340
Lecturer_25341,25341
Lecturer_25342,25342
Lecturer_25343,25343
Lecturer_25344,25344
Lecturer_25345,25345
Lecturer_25346,25346
Lecturer_25347,25347
Lecturer_25348,25348
Lecturer_25349,25349
Lecturer_25350,25350
Lecturer_25351,25351
Lecturer_25352,25352
Lecturer_25353,25353
Lecturer_25354,25354
Lecturer_25355,25355
Lecturer_25356,25356
Lecturer_25357,25357
Lecturer_25358,25358
Lecturer_25359,25359
Lecturer_25360,25360
Lecturer_25361,25361
Lecturer_25362,25362
Lecturer_25363,25363
Lecturer_25364,25364
Lecturer_25365,25365
Lecturer_25366,25366
Lecturer_25367,25367
Lecturer_25368,25368
Lecturer_25369,25369
Lecturer_25370,25370
Lecturer_25371,25371
Lecturer_25372,25372
Lecturer_25373,25373
Lecturer_25374,25374
Lecturer_25375,25375
Lecturer_25376,25376
Lecturer_25377,25377
Lecturer_25378,25378
Lecturer_25379,25379
Lecturer_25380,25380
Lecturer_25381,25381
Lecturer_25382,25382
Lecturer_25383,25383
Lecturer_25384,25384
Lecturer_25385,25385
Lecturer_25386,25386
Lecturer_25387,25387
Lecturer_25388,25388
Lecturer_25389,25389
Lecturer_25390,25390
Lecturer_25391,25391
Lecturer_25392,25392
Lecturer_25393,25393
Lecturer_25394,25394
Lecturer_25395,25395
Lecturer_25396,25396
Lecturer_25397,25397
Lecturer_25398,25398
Lecturer_25399,25399
Lecturer_25400,25400
Lecturer_25401,25401
Lecturer_25402,25402
Lecturer_25403,25403
Lecturer_25404,25404
Lecturer_25405,25405
Lecturer_25406,25406
Lecturer_25407,25407
Lecturer_25408,25408
Lecturer_25409,25409
Lecturer_25410,25410
Lecturer_25411,25411
Lecturer_25412,25412
Lecturer_25413,25413
Lecturer_25414,25414
Lecturer_25415,25415
Lecturer_25416,25416
Lecturer_25417,25417
Lecturer_25418,25418
Lecturer_25419,25419
Lecturer_25420,25420
Lecturer_25421,25421
Lecturer_25422,25422
Lecturer_25423,25423
Lecturer_25424,25424
Lecturer_25425,25425
Lecturer_25426,25426
Lecturer_25427,25427
Lecturer_25428,25428
Lecturer_25429,25429
Lecturer_25430,25430
Lecturer_25431,25431
Lecturer_25432,25432
Lecturer_25433,25433
Lecturer_25434,25434
Lecturer_25435,25435
Lecturer_25436,25436
Lecturer_25437,25437
Lecturer_25438,25438
Lecturer_25439,25439
Lecturer_25440,25440
Lecturer_25441,25441
Lecturer_25442,25442
Lecturer_25443,25443
Lecturer_25444,25444
Lecturer_25445,25445
Lecturer_25446,25446
Lecturer_25447,25447
Lecturer_25448,25448
Lecturer_25449,25449
Lecturer_25450,25450
Lecturer_25451,25451
Lecturer_25452,25452
Lecturer_25453,25453
Lecturer_25454,25454
Lecturer_25455,25455
Lecturer_25456,25456
Lecturer_25457,25457
Lecturer_25458,25458
Lecturer_25459,25459
Lecturer_25460,25460
Lecturer_25461,25461
Lecturer_25462,25462
Lecturer_25463,25463
Lecturer_25464,25464
Lecturer_25465,25465
Lecturer_25466,25466
Lecturer_25467,25467
Lecturer_25468,25468
Lecturer_25469,25469
Lecturer_25470,25470
Lecturer_25471,25471
Lecturer_25472,25472
Lecturer_25473,25473
Lecturer_25474,25474
Lecturer_25475,25475
Lecturer_25476,25476
Lecturer_25477,25477
Lecturer_25478,25478
Lecturer_25479,25479
Lecturer_25480,25480
Lecturer_25481,25481
Lecturer_25482,25482
Lecturer_25483,25483
Lecturer_25484,25484
Lecturer_25485,25485
Lecturer_25486,25486
Lecturer_25487,25487
Lecturer_25488,25488
Lecturer_25489,25489
Lecturer_25490,25490
Lecturer_25491,25491
Lecturer_25492,25492
Lecturer_25493,25493
Lecturer_25494,25494
Lecturer_25495,25495
Lecturer_25496,25496
Lecturer_25497,25497
Lecturer_25498,25498
Lecturer_25499,25499
Lecturer_25500,25500
Lecturer_25501,25501
Lecturer_25502,25502
Lecturer_25503,25503
Lecturer_25504,25504
Lecturer_25505,25505
Lecturer_25506,25506
Lecturer_25507,25507
Lecturer_25508,25508
Lecturer_25509,25509
Lecturer_25510,25510
Lecturer_25511,25511
Lecturer_25512,25512
Lecturer_25513,25513
Lecturer_25514,25514
Lecturer_25515,25515
Lecturer_25516,25516
Lecturer_25517,25517
Lecturer_25518,25518
Lecturer_25519,25519
Lecturer_25520,25520
Lecturer_25521,25521
Lecturer_25522,25522
Lecturer_25523,25523
Lecturer_25524,25524
Lecturer_25525,25525
Lecturer_25526,25526
Lecturer_25527,25527
Lecturer_25528,25528
Lecturer_25529,25529
Lecturer_25530,25530
Lecturer_25531,25531
Lecturer_25532,25532
Lecturer_25533,25533
Lecturer_25534,25534
Lecturer_25535,25535
Lecturer_25536,25536
Lecturer_25537,25537
Lecturer_25538,25538
Lecturer_25539,25539
Lecturer_25540,25540
Lecturer_25541,25541
Lecturer_25542,25542
Lecturer_25543,25543
Lecturer_25544,25544
Lecturer_25545,25545
Lecturer_25546,25546
Lecturer_25547,25547
Lecturer_25548,25548
Lecturer_25549,25549
Lecturer_25550,25550
Lecturer_25551,25551
Lecturer_25552,25552
Lecturer_25553,25553
Lecturer_25554,25554
Lecturer_25555,25555
Lecturer_25556,25556
Lecturer_25557,25557
Lecturer_25558,25558
Lecturer_25559,25559
Lecturer_25560,25560
Lecturer_25561,25561
Lecturer_25562,25562
Lecturer_25563,25563
Lecturer_25564,25564
Lecturer_25565,25565
Lecturer_25566,25566
Lecturer_25567,25567
Lecturer_25568,25568
Lecturer_25569,25569
Lecturer_25570,25570
Lecturer_25571,25571
Lecturer_25572,25572
Lecturer_25573,25573
Lecturer_25574,25574
Lecturer_25575,25575
Lecturer_25576,25576
Lecturer_25577,25577
Lecturer_25578,25578
Lecturer_25579,25579
Lecturer_25580,25580
Lecturer_25581,25581
Lecturer_25582,25582
Lecturer_25583,25583
Lecturer_25584,25584
Lecturer_25585,25585
Lecturer_25586,25586
Lecturer_25587,25587
Lecturer_25588,25588
Lecturer_25589,25589
Lecturer_25590,25590
Lecturer_25591,25591
Lecturer_25592,25592
Lecturer_25593,25593
Lecturer_25594,25594
Lecturer_25595,25595
Lecturer_25596,25596
Lecturer_25597,25597
Lecturer_25598,25598
Lecturer_25599,25599
Lecturer_25600,25600
Lecturer_25601,25601
Lecturer_25602,25602
Lecturer_25603,25603
Lecturer_25604,25604
Lecturer_25605,25605
Lecturer_25606,25606
Lecturer_25607,25607
Lecturer_25608,25608
Lecturer_25609,25609
Lecturer_25610,25610
Lecturer_25611,25611
Lecturer_25612,25612
Lecturer_25613,25613
Lecturer_25614,25614
Lecturer_25615,25615
Lecturer_25616,25616
Lecturer_25617,25617
Lecturer_25618,25618
Lecturer_25619,25619
Lecturer_25620,25620
Lecturer_25621,25621
Lecturer_25622,25622
Lecturer_25623,25623
Lecturer_25624,25624
Lecturer_25625,25625
Lecturer_25626,25626
Lecturer_25627,25627
Lecturer_25628,25628
Lecturer_25629,25629
Lecturer_25630,25630
Lecturer_25631,25631
Lecturer_25632,25632
Lecturer_25633,25633
Lecturer_25634,25634
Lecturer_25635,25635
Lecturer_25636,25636
Lecturer_25637,25637
Lecturer_25638,25638
Lecturer_25639,25639
Lecturer_25640,25640
Lecturer_25641,25641
Lecturer_25642,25642
Lecturer_25643,25643
Lecturer_25644,25644
Lecturer_25645,25645
Lecturer_25646,25646
Lecturer_25647,25647
Lecturer_25648,25648
Lecturer_25649,25649
Lecturer_25650,25650
Lecturer_25651,25651
Lecturer_25652,25652
Lecturer_25653,25653
Lecturer_25654,25654
Lecturer_25655,25655
Lecturer_25656,25656
Lecturer_25657,25657
Lecturer_25658,25658
Lecturer_25659,25659
Lecturer_25660,25660
Lecturer_25661,25661
Lecturer_25662,25662
Lecturer_25663,25663
Lecturer_25664,25664
Lecturer_25665,25665
Lecturer_25666,25666
Lecturer_25667,25667
Lecturer_25668,25668
Lecturer_25669,25669
Lecturer_25670,25670
Lecturer_25671,25671
Lecturer_25672,25672
Lecturer_25673,25673
Lecturer_25674,25674
Lecturer_25675,25675
Lecturer_25676,25676
Lecturer_25677,25677
Lecturer_25678,25678
Lecturer_25679,25679
Lecturer_25680,25680
Lecturer_25681,25681
Lecturer_25682,25682
Lecturer_25683,25683
Lecturer_25684,25684
Lecturer_25685,25685
Lecturer_25686,25686
Lecturer_25687,25687
Lecturer_25688,25688
Lecturer_25689,25689
Lecturer_25690,25690
Lecturer_25691,25691
Lecturer_25692,25692
Lecturer_25693,25693
Lecturer_25694,25694
Lecturer_25695,25695
Lecturer_25696,25696
Lecturer_25697,25697
Lecturer_25698,25698
Lecturer_25699,25699
Lecturer_25700,25700
Lecturer_25701,25701
Lecturer_25702,25702
Lecturer_25703,25703
Lecturer_25704,25704
Lecturer_25705,25705
Lecturer_25706,25706
Lecturer_25707,25707
Lecturer_25708,25708
Lecturer_25709,25709
Lecturer_25710,25710
Lecturer_25711,25711
Lecturer_25712,25712
Lecturer_25713,25713
Lecturer_25714,25714
Lecturer_25715,25715
Lecturer_25716,25716
Lecturer_25717,25717
Lecturer_25718,25718
Lecturer_25719,25719
Lecturer_25720,25720
Lecturer_25721,25721
Lecturer_25722,25722
Lecturer_25723,25723
Lecturer_25724,25724
Lecturer_25725,25725
Lecturer_25726,25726
Lecturer_25727,25727
Lecturer_25728,25728
Lecturer_25729,25729
Lecturer_25730,25730
Lecturer_25731,25731
Lecturer_25732,25732
Lecturer_25733,25733
Lecturer_25734,25734
Lecturer_25735,25735
Lecturer_25736,25736
Lecturer_25737,25737
Lecturer_25738,25738
Lecturer_25739,25739
Lecturer_25740,25740
Lecturer_25741,25741
Lecturer_25742,25742
Lecturer_25743,25743
Lecturer_25744,25744
Lecturer_25745,25745
Lecturer_25746,25746
Lecturer_25747,25747
Lecturer_25748,25748
Lecturer_25749,25749
Lecturer_25750,25750
Lecturer_25751,25751
Lecturer_25752,25752
Lecturer_25753,25753
Lecturer_25754,25754
Lecturer_25755,25755
Lecturer_25756,25756
Lecturer_25757,25757
Lecturer_25758,25758
Lecturer_25759,25759
Lecturer_25760,25760
Lecturer_25761,25761
Lecturer_25762,25762
Lecturer_25763,25763
Lecturer_25764,25764
Lecturer_25765,25765
Lecturer_25766,25766
Lecturer_25767,25767
Lecturer_25768,25768
Lecturer_25769,25769
Lecturer_25770,25770
Lecturer_25771,25771
Lecturer_25772,25772
Lecturer_25773,25773
Lecturer_25774,25774
Lecturer_25775,25775
Lecturer_25776,25776
Lecturer_25777,25777
Lecturer_25778,25778
Lecturer_25779,25779
Lecturer_25780,25780
Lecturer_25781,25781
Lecturer_25782,25782
Lecturer_25783,25783
Lecturer_25784,25784
Lecturer_25785,25785
Lecturer_25786,25786
Lecturer_25787,25787
Lecturer_25788,25788
Lecturer_25789,25789
Lecturer_25790,25790
Lecturer_25791,25791
Lecturer_25792,25792
Lecturer_25793,25793
Lecturer_25794,25794
Lecturer_25795,25795
Lecturer_25796,25796
Lecturer_25797,25797
Lecturer_25798,25798
Lecturer_25799,25799
Lecturer_25800,25800
Lecturer_25801,25801
Lecturer_25802,25802
Lecturer_25803,25803
Lecturer_25804,25804
Lecturer_25805,25805
Lecturer_25806,25806
Lecturer_25807,25807
Lecturer_25808,25808
Lecturer_25809,25809
Lecturer_25810,25810
Lecturer_25811,25811
Lecturer_25812,25812
Lecturer_25813,25813
Lecturer_25814,25814
Lecturer_25815,25815
Lecturer_25816,25816
Lecturer_25817,25817
Lecturer_25818,25818
Lecturer_25819,25819
Lecturer_25820,25820
Lecturer_25821,25821
Lecturer_25822,25822
Lecturer_25823,25823
Lecturer_25824,25824
Lecturer_25825,25825
Lecturer_25826,25826
Lecturer_25827,25827
Lecturer_25828,25828
Lecturer_25829,25829
Lecturer_25830,25830
Lecturer_25831,25831
Lecturer_25832,25832
Lecturer_25833,25833
Lecturer_25834,25834
Lecturer_25835,25835
Lecturer_25836,25836
Lecturer_25837,25837
Lecturer_25838,25838
Lecturer_25839,25839
Lecturer_25840,25840
Lecturer_25841,25841
Lecturer_25842,25842
Lecturer_25843,25843
Lecturer_25844,25844
Lecturer_25845,25845
Lecturer_25846,25846
Lecturer_25847,25847
Lecturer_25848,25848
Lecturer_25849,25849
Lecturer_25850,25850
Lecturer_25851,25851
Lecturer_25852,25852
Lecturer_25853,25853
Lecturer_25854,25854
Lecturer_25855,25855
Lecturer_25856,25856
Lecturer_25857,25857
Lecturer_25858,25858
Lecturer_25859,25859
Lecturer_25860,25860
Lecturer_25861,25861
Lecturer_25862,25862
Lecturer_25863,25863
Lecturer_25864,25864
Lecturer_25865,25865
Lecturer_25866,25866
Lecturer_25867,25867
Lecturer_25868,25868
Lecturer_25869,25869
Lecturer_25870,25870
Lecturer_25871,25871
Lecturer_25872,25872
Lecturer_25873,25873
Lecturer_25874,25874
Lecturer_25875,25875
Lecturer_25876,25876
Lecturer_25877,25877
Lecturer_25878,25878
Lecturer_25879,25879
Lecturer_25880,25880
Lecturer_25881,25881
Lecturer_25882,25882
Lecturer_25883,25883
Lecturer_25884,25884
Lecturer_25885,25885
Lecturer_25886,25886
Lecturer_25887,25887
Lecturer_25888,25888
Lecturer_25889,25889
Lecturer_25890,25890
Lecturer_25891,25891
Lecturer_25892,25892
Lecturer_25893,25893
Lecturer_25894,25894
Lecturer_25895,25895
Lecturer_25896,25896
Lecturer_25897,25897
Lecturer_25898,25898
Lecturer_25899,25899
Lecturer_25900,25900
Lecturer_25901,25901
Lecturer_25902,25902
Lecturer_25903,25903
Lecturer_25904,25904
Lecturer_25905,25905
Lecturer_25906,25906
Lecturer_25907,25907
Lecturer_25908,25908
Lecturer_25909,25909
Lecturer_25910,25910
Lecturer_25911,25911
Lecturer_25912,25912
Lecturer_25913,25913
Lecturer_25914,25914
Lecturer_25915,25915
Lecturer_25916,25916
Lecturer_25917,25917
Lecturer_25918,25918
Lecturer_25919,25919
Lecturer_25920,25920
Lecturer_25921,25921
Lecturer_25922,25922
Lecturer_25923,25923
Lecturer_25924,25924
Lecturer_25925,25925
Lecturer_25926,25926
Lecturer_25927,25927
Lecturer_25928,25928
Lecturer_25929,25929
Lecturer_25930,25930
Lecturer_25931,25931
Lecturer_25932,25932
Lecturer_25933,25933
Lecturer_25934,25934
Lecturer_25935,25935
Lecturer_25936,25936
Lecturer_25937,25937
Lecturer_25938,25938
Lecturer_25939,25939
Lecturer_25940,25940
Lecturer_25941,25941
Lecturer_25942,25942
Lecturer_25943,25943
Lecturer_25944,25944
Lecturer_25945,25945
Lecturer_25946,25946
Lecturer_25947,25947
Lecturer_25948,25948
Lecturer_25949,25949
Lecturer_25950,25950
Lecturer_25951,25951
Lecturer_25952,25952
Lecturer_25953,25953
Lecturer_25954,25954
Lecturer_25955,25955
Lecturer_25956,25956
Lecturer_25957,25957
Lecturer_25958,25958
Lecturer_25959,25959
Lecturer_25960,25960
Lecturer_25961,25961
Lecturer_25962,25962
Lecturer_25963,25963
Lecturer_25964,25964
Lecturer_25965,25965
Lecturer_25966,25966
Lecturer_25967,25967
Lecturer_25968,25968
Lecturer_25969,25969
Lecturer_25970,25970
Lecturer_25971,25971
Lecturer_25972,25972
Lecturer_25973,25973
Lecturer_25974,25974
Lecturer_25975,25975
Lecturer_25976,25976
Lecturer_25977,25977
Lecturer_25978,25978
Lecturer_25979,25979
Lecturer_25980,25980
Lecturer_25981,25981
Lecturer_25982,25982
Lecturer_25983,25983
Lecturer_25984,25984
Lecturer_25985,25985
Lecturer_25986,25986
Lecturer_25987,25987
Lecturer_25988,25988
Lecturer_25989,25989
Lecturer_25990,25990
Lecturer_25991,25991
Lecturer_25992,25992
Lecturer_25993,25993
Lecturer_25994,25994
Lecturer_25995,25995
Lecturer_25996,25996
Lecturer_25997,25997
Lecturer_25998,25998
Lecturer_25999,25999
Lecturer_26000,26000
Lecturer_26001,26001
Lecturer_26002,26002
Lecturer_26003,26003
Lecturer_26004,26004
Lecturer_26005,26005
Lecturer_26006,26006
Lecturer_26007,26007
Lecturer_26008,26008
Lecturer_26009,26009
Lecturer_26010,26010
Lecturer_26011,26011
Lecturer_26012,26012
Lecturer_26013,26013
Lecturer_26014,26014
Lecturer_26015,26015
Lecturer_26016,26016
Lecturer_26017,26017
Lecturer_26018,26018
Lecturer_26019,26019
Lecturer_26020,26020
Lecturer_26021,26021
Lecturer_26022,26022
Lecturer_26023,26023
Lecturer_26024,26024
Lecturer_26025,26025
Lecturer_26026,26026
Lecturer_26027,26027
Lecturer_26028,26028
Lecturer_26029,26029
Lecturer_26030,26030
Lecturer_26031,26031
Lecturer_26032,26032
Lecturer_26033,26033
Lecturer_26034,26034
Lecturer_26035,26035
Lecturer_26036,26036
Lecturer_26037,26037
Lecturer_26038,26038
Lecturer_26039,26039
Lecturer_26040,26040
Lecturer_26041,26041
Lecturer_26042,26042
Lecturer_26043,26043
Lecturer_26044,26044
Lecturer_26045,26045
Lecturer_26046,26046
Lecturer_26047,26047
Lecturer_26048,26048
Lecturer_26049,26049
Lecturer_26050,26050
Lecturer_26051,26051
Lecturer_26052,26052
Lecturer_26053,26053
Lecturer_26054,26054
Lecturer_26055,26055
Lecturer_26056,26056
Lecturer_26057,26057
Lecturer_26058,26058
Lecturer_26059,26059
Lecturer_26060,26060
Lecturer_26061,26061
Lecturer_26062,26062
Lecturer_26063,26063
Lecturer_26064,26064
Lecturer_26065,26065
Lecturer_26066,26066
Lecturer_26067,26067
Lecturer_26068,26068
Lecturer_26069,26069
Lecturer_26070,26070
Lecturer_26071,26071
Lecturer_26072,26072
Lecturer_26073,26073
Lecturer_26074,26074
Lecturer_26075,26075
Lecturer_26076,26076
Lecturer_26077,26077
Lecturer_26078,26078
Lecturer_26079,26079
Lecturer_26080,26080
Lecturer_26081,26081
Lecturer_26082,26082
Lecturer_26083,26083
Lecturer_26084,26084
Lecturer_26085,26085
Lecturer_26086,26086
Lecturer_26087,26087
Lecturer_26088,26088
Lecturer_26089,26089
Lecturer_26090,26090
Lecturer_26091,26091
Lecturer_26092,26092
Lecturer_26093,26093
Lecturer_26094,26094
Lecturer_26095,26095
Lecturer_26096,26096
Lecturer_26097,26097
Lecturer_26098,26098
Lecturer_26099,26099
Lecturer_26100,26100
Lecturer_26101,26101
Lecturer_26102,26102
Lecturer_26103,26103
Lecturer_26104,26104
Lecturer_26105,26105
Lecturer_26106,26106
Lecturer_26107,26107
Lecturer_26108,26108
Lecturer_26109,26109
Lecturer_26110,26110
Lecturer_26111,26111
Lecturer_26112,26112
Lecturer_26113,26113
Lecturer_26114,26114
Lecturer_26115,26115
Lecturer_26116,26116
Lecturer_26117,26117
Lecturer_26118,26118
Lecturer_26119,26119
Lecturer_26120,26120
Lecturer_26121,26121
Lecturer_26122,26122
Lecturer_26123,26123
Lecturer_26124,26124
Lecturer_26125,26125
Lecturer_26126,26126
Lecturer_26127,26127
Lecturer_26128,26128
Lecturer_26129,26129
Lecturer_26130,26130
Lecturer_26131,26131
Lecturer_26132,26132
Lecturer_26133,26133
Lecturer_26134,26134
Lecturer_26135,26135
Lecturer_26136,26136
Lecturer_26137,26137
Lecturer_26138,26138
Lecturer_26139,26139
Lecturer_26140,26140
Lecturer_26141,26141
Lecturer_26142,26142
Lecturer_26143,26143
Lecturer_26144,26144
Lecturer_26145,26145
Lecturer_26146,26146
Lecturer_26147,26147
Lecturer_26148,26148
Lecturer_26149,26149
Lecturer_26150,26150
Lecturer_26151,26151
Lecturer_26152,26152
Lecturer_26153,26153
Lecturer_26154,26154
Lecturer_26155,26155
Lecturer_26156,26156
Lecturer_26157,26157
Lecturer_26158,26158
Lecturer_26159,26159
Lecturer_26160,26160
Lecturer_26161,26161
Lecturer_26162,26162
Lecturer_26163,26163
Lecturer_26164,26164
Lecturer_26165,26165
Lecturer_26166,26166
Lecturer_26167,26167
Lecturer_26168,26168
Lecturer_26169,26169
Lecturer_26170,26170
Lecturer_26171,26171
Lecturer_26172,26172
Lecturer_26173,26173
Lecturer_26174,26174
Lecturer_26175,26175
Lecturer_26176,26176
Lecturer_26177,26177
Lecturer_26178,26178
Lecturer_26179,26179
Lecturer_26180,26180
Lecturer_26181,26181
Lecturer_26182,26182
Lecturer_26183,26183
Lecturer_26184,26184
Lecturer_26185,26185
Lecturer_26186,26186
Lecturer_26187,26187
Lecturer_26188,26188
Lecturer_26189,26189
Lecturer_26190,26190
Lecturer_26191,26191
Lecturer_26192,26192
Lecturer_26193,26193
Lecturer_26194,26194
Lecturer_26195,26195
Lecturer_26196,26196
Lecturer_26197,26197
Lecturer_26198,26198
Lecturer_26199,26199
Lecturer_26200,26200
Lecturer_26201,26201
Lecturer_26202,26202
Lecturer_26203,26203
Lecturer_26204,26204
Lecturer_26205,26205
Lecturer_26206,26206
Lecturer_26207,26207
Lecturer_26208,26208
Lecturer_26209,26209
Lecturer_26210,26210
Lecturer_26211,26211
Lecturer_26212,26212
Lecturer_26213,26213
Lecturer_26214,26214
Lecturer_26215,26215
Lecturer_26216,26216
Lecturer_26217,26217
Lecturer_26218,26218
Lecturer_26219,26219
Lecturer_26220,26220
Lecturer_26221,26221
Lecturer_26222,26222
Lecturer_26223,26223
Lecturer_26224,26224
Lecturer_26225,26225
Lecturer_26226,26226
Lecturer_26227,26227
Lecturer_26228,26228
Lecturer_26229,26229
Lecturer_26230,26230
Lecturer_26231,26231
Lecturer_26232,26232
Lecturer_26233,26233
Lecturer_26234,26234
Lecturer_26235,26235
Lecturer_26236,26236
Lecturer_26237,26237
Lecturer_26238,26238
Lecturer_26239,26239
Lecturer_26240,26240
Lecturer_26241,26241
Lecturer_26242,26242
Lecturer_26243,26243
Lecturer_26244,26244
Lecturer_26245,26245
Lecturer_26246,26246
Lecturer_26247,26247
Lecturer_26248,26248
Lecturer_26249,26249
Lecturer_26250,26250
Lecturer_26251,26251
Lecturer_26252,26252
Lecturer_26253,26253
Lecturer_26254,26254
Lecturer_26255,26255
Lecturer_26256,26256
Lecturer_26257,26257
Lecturer_26258,26258
Lecturer_26259,26259
Lecturer_26260,26260
Lecturer_26261,26261
Lecturer_26262,26262
Lecturer_26263,26263
Lecturer_26264,26264
Lecturer_26265,26265
Lecturer_26266,26266
Lecturer_26267,26267
Lecturer_26268,26268
Lecturer_26269,26269
Lecturer_26270,26270
Lecturer_26271,26271
Lecturer_26272,26272
Lecturer_26273,26273
Lecturer_26274,26274
Lecturer_26275,26275
Lecturer_26276,26276
Lecturer_26277,26277
Lecturer_26278,26278
Lecturer_26279,26279
Lecturer_26280,26280
Lecturer_26281,26281
Lecturer_26282,26282
Lecturer_26283,26283
Lecturer_26284,26284
Lecturer_26285,26285
Lecturer_26286,26286
Lecturer_26287,26287
Lecturer_26288,26288
Lecturer_26289,26289
Lecturer_26290,26290
Lecturer_26291,26291
Lecturer_26292,26292
Lecturer_26293,26293
Lecturer_26294,26294
Lecturer_26295,26295
Lecturer_26296,26296
Lecturer_26297,26297
Lecturer_26298,26298
Lecturer_26299,26299
Lecturer_26300,26300
Lecturer_26301,26301
Lecturer_26302,26302
Lecturer_26303,26303
Lecturer_26304,26304
Lecturer_26305,26305
Lecturer_26306,26306
Lecturer_26307,26307
Lecturer_26308,26308
Lecturer_26309,26309
Lecturer_26310,26310
Lecturer_26311,26311
Lecturer_26312,26312
Lecturer_26313,26313
Lecturer_26314,26314
Lecturer_26315,26315
Lecturer_26316,26316
Lecturer_26317,26317
Lecturer_26318,26318
Lecturer_26319,26319
Lecturer_26320,26320
Lecturer_26321,26321
Lecturer_26322,26322
Lecturer_26323,26323
Lecturer_26324,26324
Lecturer_26325,26325
Lecturer_26326,26326
Lecturer_26327,26327
Lecturer_26328,26328
Lecturer_26329,26329
Lecturer_26330,26330
Lecturer_26331,26331
Lecturer_26332,26332
Lecturer_26333,26333
Lecturer_26334,26334
Lecturer_26335,26335
Lecturer_26336,26336
Lecturer_26337,26337
Lecturer_26338,26338
Lecturer_26339,26339
Lecturer_26340,26340
Lecturer_26341,26341
Lecturer_26342,26342
Lecturer_26343,26343
Lecturer_26344,26344
Lecturer_26345,26345
Lecturer_26346,26346
Lecturer_26347,26347
Lecturer_26348,26348
Lecturer_26349,26349
Lecturer_26350,26350
Lecturer_26351,26351
Lecturer_26352,26352
Lecturer_26353,26353
Lecturer_26354,26354
Lecturer_26355,26355
Lecturer_26356,26356
Lecturer_26357,26357
Lecturer_26358,26358
Lecturer_26359,26359
Lecturer_26360,26360
Lecturer_26361,26361
Lecturer_26362,26362
Lecturer_26363,26363
Lecturer_26364,26364
Lecturer_26365,26365
Lecturer_26366,26366
Lecturer_26367,26367
Lecturer_26368,26368
Lecturer_26369,26369
Lecturer_26370,26370
Lecturer_26371,26371
Lecturer_26372,26372
Lecturer_26373,26373
Lecturer_26374,26374
Lecturer_26375,26375
Lecturer_26376,26376
Lecturer_26377,26377
Lecturer_26378,26378
Lecturer_26379,26379
Lecturer_26380,26380
Lecturer_26381,26381
Lecturer_26382,26382
Lecturer_26383,26383
Lecturer_26384,26384
Lecturer_26385,26385
Lecturer_26386,26386
Lecturer_26387,26387
Lecturer_26388,26388
Lecturer_26389,26389
Lecturer_26390,26390
Lecturer_26391,26391
Lecturer_26392,26392
Lecturer_26393,26393
Lecturer_26394,26394
Lecturer_26395,26395
Lecturer_26396,26396
Lecturer_26397,26397
Lecturer_26398,26398
Lecturer_26399,26399
Lecturer_26400,26400
Lecturer_26401,26401
Lecturer_26402,26402
Lecturer_26403,26403
Lecturer_26404,26404
Lecturer_26405,26405
Lecturer_26406,26406
Lecturer_26407,26407
Lecturer_26408,26408
Lecturer_26409,26409
Lecturer_26410,26410
Lecturer_26411,26411
Lecturer_26412,26412
Lecturer_26413,26413
Lecturer_26414,26414
Lecturer_26415,26415
Lecturer_26416,26416
Lecturer_26417,26417
Lecturer_26418,26418
Lecturer_26419,26419
Lecturer_26420,26420
Lecturer_26421,26421
Lecturer_26422,26422
Lecturer_26423,26423
Lecturer_26424,26424
Lecturer_26425,26425
Lecturer_26426,26426
Lecturer_26427,26427
Lecturer_26428,26428
Lecturer_26429,26429
Lecturer_26430,26430
Lecturer_26431,26431
Lecturer_26432,26432
Lecturer_26433,26433
Lecturer_26434,26434
Lecturer_26435,26435
Lecturer_26436,26436
Lecturer_26437,26437
Lecturer_26438,26438
Lecturer_26439,26439
Lecturer_26440,26440
Lecturer_26441,26441
Lecturer_26442,26442
Lecturer_26443,26443
Lecturer_26444,26444
Lecturer_26445,26445
Lecturer_26446,26446
Lecturer_26447,26447
Lecturer_26448,26448
Lecturer_26449,26449
Lecturer_26450,26450
Lecturer_26451,26451
Lecturer_26452,26452
Lecturer_26453,26453
Lecturer_26454,26454
Lecturer_26455,26455
Lecturer_26456,26456
Lecturer_26457,26457
Lecturer_26458,26458
Lecturer_26459,26459
Lecturer_26460,26460
Lecturer_26461,26461
Lecturer_26462,26462
Lecturer_26463,26463
Lecturer_26464,26464
Lecturer_26465,26465
Lecturer_26466,26466
Lecturer_26467,26467
Lecturer_26468,26468
Lecturer_26469,26469
Lecturer_26470,26470
Lecturer_26471,26471
Lecturer_26472,26472
Lecturer_26473,26473
Lecturer_26474,26474
Lecturer_26475,26475
Lecturer_26476,26476
Lecturer_26477,26477
Lecturer_26478,26478
Lecturer_26479,26479
Lecturer_26480,26480
Lecturer_26481,26481
Lecturer_26482,26482
Lecturer_26483,26483
Lecturer_26484,26484
Lecturer_26485,26485
Lecturer_26486,26486
Lecturer_26487,26487
Lecturer_26488,26488
Lecturer_26489,26489
Lecturer_26490,26490
Lecturer_26491,26491
Lecturer_26492,26492
Lecturer_26493,26493
Lecturer_26494,26494
Lecturer_26495,26495
Lecturer_26496,26496
Lecturer_26497,26497
Lecturer_26498,26498
Lecturer_26499,26499
Lecturer_26500,26500
Lecturer_26501,26501
Lecturer_26502,26502
Lecturer_26503,26503
Lecturer_26504,26504
Lecturer_26505,26505
Lecturer_26506,26506
Lecturer_26507,26507
Lecturer_26508,26508
Lecturer_26509,26509
Lecturer_26510,26510
Lecturer_26511,26511
Lecturer_26512,26512
Lecturer_26513,26513
Lecturer_26514,26514
Lecturer_26515,26515
Lecturer_26516,26516
Lecturer_26517,26517
Lecturer_26518,26518
Lecturer_26519,26519
Lecturer_26520,26520
Lecturer_26521,26521
Lecturer_26522,26522
Lecturer_26523,26523
Lecturer_26524,26524
Lecturer_26525,26525
Lecturer_26526,26526
Lecturer_26527,26527
Lecturer_26528,26528
Lecturer_26529,26529
Lecturer_26530,26530
Lecturer_26531,26531
Lecturer_26532,26532
Lecturer_26533,26533
Lecturer_26534,26534
Lecturer_26535,26535
Lecturer_26536,26536
Lecturer_26537,26537
Lecturer_26538,26538
Lecturer_26539,26539
Lecturer_26540,26540
Lecturer_26541,26541
Lecturer_26542,26542
Lecturer_26543,26543
Lecturer_26544,26544
Lecturer_26545,26545
Lecturer_26546,26546
Lecturer_26547,26547
Lecturer_26548,26548
Lecturer_26549,26549
Lecturer_26550,26550
Lecturer_26551,26551
Lecturer_26552,26552
Lecturer_26553,26553
Lecturer_26554,26554
Lecturer_26555,26555
Lecturer_26556,26556
Lecturer_26557,26557
Lecturer_26558,26558
Lecturer_26559,26559
Lecturer_26560,26560
Lecturer_26561,26561
Lecturer_26562,26562
Lecturer_26563,26563
Lecturer_26564,26564
Lecturer_26565,26565
Lecturer_26566,26566
Lecturer_26567,26567
Lecturer_26568,26568
Lecturer_26569,26569
Lecturer_26570,26570
Lecturer_26571,26571
Lecturer_26572,26572
Lecturer_26573,26573
Lecturer_26574,26574
Lecturer_26575,26575
Lecturer_26576,26576
Lecturer_26577,26577
Lecturer_26578,26578
Lecturer_26579,26579
Lecturer_26580,26580
Lecturer_26581,26581
Lecturer_26582,26582
Lecturer_26583,26583
Lecturer_26584,26584
Lecturer_26585,26585
Lecturer_26586,26586
Lecturer_26587,26587
Lecturer_26588,26588
Lecturer_26589,26589
Lecturer_26590,26590
Lecturer_26591,26591
Lecturer_26592,26592
Lecturer_26593,26593
Lecturer_26594,26594
Lecturer_26595,26595
Lecturer_26596,26596
Lecturer_26597,26597
Lecturer_26598,26598
Lecturer_26599,26599
Lecturer_26600,26600
Lecturer_26601,26601
Lecturer_26602,26602
Lecturer_26603,26603
Lecturer_26604,26604
Lecturer_26605,26605
Lecturer_26606,26606
Lecturer_26607,26607
Lecturer_26608,26608
Lecturer_26609,26609
Lecturer_26610,26610
Lecturer_26611,26611
Lecturer_26612,26612
Lecturer_26613,26613
Lecturer_26614,26614
Lecturer_26615,26615
Lecturer_26616,26616
Lecturer_26617,26617
Lecturer_26618,26618
Lecturer_26619,26619
Lecturer_26620,26620
Lecturer_26621,26621
Lecturer_26622,26622
Lecturer_26623,26623
Lecturer_26624,26624
Lecturer_26625,26625
Lecturer_26626,26626
Lecturer_26627,26627
Lecturer_26628,26628
Lecturer_26629,26629
Lecturer_26630,26630
Lecturer_26631,26631
Lecturer_26632,26632
Lecturer_26633,26633
Lecturer_26634,26634
Lecturer_26635,26635
Lecturer_26636,26636
Lecturer_26637,26637
Lecturer_26638,26638
Lecturer_26639,26639
Lecturer_26640,26640
Lecturer_26641,26641
Lecturer_26642,26642
Lecturer_26643,26643
Lecturer_26644,26644
Lecturer_26645,26645
Lecturer_26646,26646
Lecturer_26647,26647
Lecturer_26648,26648
Lecturer_26649,26649
Lecturer_26650,26650
Lecturer_26651,26651
Lecturer_26652,26652
Lecturer_26653,26653
Lecturer_26654,26654
Lecturer_26655,26655
Lecturer_26656,26656
Lecturer_26657,26657
Lecturer_26658,26658
Lecturer_26659,26659
Lecturer_26660,26660
Lecturer_26661,26661
Lecturer_26662,26662
Lecturer_26663,26663
Lecturer_26664,26664
Lecturer_26665,26665
Lecturer_26666,26666
Lecturer_26667,26667
Lecturer_26668,26668
Lecturer_26669,26669
Lecturer_26670,26670
Lecturer_26671,26671
Lecturer_26672,26672
Lecturer_26673,26673
Lecturer_26674,26674
Lecturer_26675,26675
Lecturer_26676,26676
Lecturer_26677,26677
Lecturer_26678,26678
Lecturer_26679,26679
Lecturer_26680,26680
Lecturer_26681,26681
Lecturer_26682,26682
Lecturer_26683,26683
Lecturer_26684,26684
Lecturer_26685,26685
Lecturer_26686,26686
Lecturer_26687,26687
Lecturer_26688,26688
Lecturer_26689,26689
Lecturer_26690,26690
Lecturer_26691,26691
Lecturer_26692,26692
Lecturer_26693,26693
Lecturer_26694,26694
Lecturer_26695,26695
Lecturer_26696,26696
Lecturer_26697,26697
Lecturer_26698,26698
Lecturer_26699,26699
Lecturer_26700,26700
Lecturer_26701,26701
Lecturer_26702,26702
Lecturer_26703,26703
Lecturer_26704,26704
Lecturer_26705,26705
Lecturer_26706,26706
Lecturer_26707,26707
Lecturer_26708,26708
Lecturer_26709,26709
Lecturer_26710,26710
Lecturer_26711,26711
Lecturer_26712,26712
Lecturer_26713,26713
Lecturer_26714,26714
Lecturer_26715,26715
Lecturer_26716,26716
Lecturer_26717,26717
Lecturer_26718,26718
Lecturer_26719,26719
Lecturer_26720,26720
Lecturer_26721,26721
Lecturer_26722,26722
Lecturer_26723,26723
Lecturer_26724,26724
Lecturer_26725,26725
Lecturer_26726,26726
Lecturer_26727,26727
Lecturer_26728,26728
Lecturer_26729,26729
Lecturer_26730,26730
Lecturer_26731,26731
Lecturer_26732,26732
Lecturer_26733,26733
Lecturer_26734,26734
Lecturer_26735,26735
Lecturer_26736,26736
Lecturer_26737,26737
Lecturer_26738,26738
Lecturer_26739,26739
Lecturer_26740,26740
Lecturer_26741,26741
Lecturer_26742,26742
Lecturer_26743,26743
Lecturer_26744,26744
Lecturer_26745,26745
Lecturer_26746,26746
Lecturer_26747,26747
Lecturer_26748,26748
Lecturer_26749,26749
Lecturer_26750,26750
Lecturer_26751,26751
Lecturer_26752,26752
Lecturer_26753,26753
Lecturer_26754,26754
Lecturer_26755,26755
Lecturer_26756,26756
Lecturer_26757,26757
Lecturer_26758,26758
Lecturer_26759,26759
Lecturer_26760,26760
Lecturer_26761,26761
Lecturer_26762,26762
Lecturer_26763,26763
Lecturer_26764,26764
Lecturer_26765,26765
Lecturer_26766,26766
Lecturer_26767,26767
Lecturer_26768,26768
Lecturer_26769,26769
Lecturer_26770,26770
Lecturer_26771,26771
Lecturer_26772,26772
Lecturer_26773,26773
Lecturer_26774,26774
Lecturer_26775,26775
Lecturer_26776,26776
Lecturer_26777,26777
Lecturer_26778,26778
Lecturer_26779,26779
Lecturer_26780,26780
Lecturer_26781,26781
Lecturer_26782,26782
Lecturer_26783,26783
Lecturer_26784,26784
Lecturer_26785,26785
Lecturer_26786,26786
Lecturer_26787,26787
Lecturer_26788,26788
Lecturer_26789,26789
Lecturer_26790,26790
Lecturer_26791,26791
Lecturer_26792,26792
Lecturer_26793,26793
Lecturer_26794,26794
Lecturer_26795,26795
Lecturer_26796,26796
Lecturer_26797,26797
Lecturer_26798,26798
Lecturer_26799,26799
Lecturer_26800,26800
Lecturer_26801,26801
Lecturer_26802,26802
Lecturer_26803,26803
Lecturer_26804,26804
Lecturer_26805,26805
Lecturer_26806,26806
Lecturer_26807,26807
Lecturer_26808,26808
Lecturer_26809,26809
Lecturer_26810,26810
Lecturer_26811,26811
Lecturer_26812,26812
Lecturer_26813,26813
Lecturer_26814,26814
Lecturer_26815,26815
Lecturer_26816,26816
Lecturer_26817,26817
Lecturer_26818,26818
Lecturer_26819,26819
Lecturer_26820,26820
Lecturer_26821,26821
Lecturer_26822,26822
Lecturer_26823,26823
Lecturer_26824,26824
Lecturer_26825,26825
Lecturer_26826,26826
Lecturer_26827,26827
Lecturer_26828,26828
Lecturer_26829,26829
Lecturer_26830,26830
Lecturer_26831,26831
Lecturer_26832,26832
Lecturer_26833,26833
Lecturer_26834,26834
Lecturer_26835,26835
Lecturer_26836,26836
Lecturer_26837,26837
Lecturer_26838,26838
Lecturer_26839,26839
Lecturer_26840,26840
Lecturer_26841,26841
Lecturer_26842,26842
Lecturer_26843,26843
Lecturer_26844,26844
Lecturer_26845,26845
Lecturer_26846,26846
Lecturer_26847,26847
Lecturer_26848,26848
Lecturer_26849,26849
Lecturer_26850,26850
Lecturer_26851,26851
Lecturer_26852,26852
Lecturer_26853,26853
Lecturer_26854,26854
Lecturer_26855,26855
Lecturer_26856,26856
Lecturer_26857,26857
Lecturer_26858,26858
Lecturer_26859,26859
Lecturer_26860,26860
Lecturer_26861,26861
Lecturer_26862,26862
Lecturer_26863,26863
Lecturer_26864,26864
Lecturer_26865,26865
Lecturer_26866,26866
Lecturer_26867,26867
Lecturer_26868,26868
Lecturer_26869,26869
Lecturer_26870,26870
Lecturer_26871,26871
Lecturer_26872,26872
Lecturer_26873,26873
Lecturer_26874,26874
Lecturer_26875,26875
Lecturer_26876,26876
Lecturer_26877,26877
Lecturer_26878,26878
Lecturer_26879,26879
Lecturer_26880,26880
Lecturer_26881,26881
Lecturer_26882,26882
Lecturer_26883,26883
Lecturer_26884,26884
Lecturer_26885,26885
Lecturer_26886,26886
Lecturer_26887,26887
Lecturer_26888,26888
Lecturer_26889,26889
Lecturer_26890,26890
Lecturer_26891,26891
Lecturer_26892,26892
Lecturer_26893,26893
Lecturer_26894,26894
Lecturer_26895,26895
Lecturer_26896,26896
Lecturer_26897,26897
Lecturer_26898,26898
Lecturer_26899,26899
Lecturer_26900,26900
Lecturer_26901,26901
Lecturer_26902,26902
Lecturer_26903,26903
Lecturer_26904,26904
Lecturer_26905,26905
Lecturer_26906,26906
Lecturer_26907,26907
Lecturer_26908,26908
Lecturer_26909,26909
Lecturer_26910,26910
Lecturer_26911,26911
Lecturer_26912,26912
Lecturer_26913,26913
Lecturer_26914,26914
Lecturer_26915,26915
Lecturer_26916,26916
Lecturer_26917,26917
Lecturer_26918,26918
Lecturer_26919,26919
Lecturer_26920,26920
Lecturer_26921,26921
Lecturer_26922,26922
Lecturer_26923,26923
Lecturer_26924,26924
Lecturer_26925,26925
Lecturer_26926,26926
Lecturer_26927,26927
Lecturer_26928,26928
Lecturer_26929,26929
Lecturer_26930,26930
Lecturer_26931,26931
Lecturer_26932,26932
Lecturer_26933,26933
Lecturer_26934,26934
Lecturer_26935,26935
Lecturer_26936,26936
Lecturer_26937,26937
Lecturer_26938,26938
Lecturer_26939,26939
Lecturer_26940,26940
Lecturer_26941,26941
Lecturer_26942,26942
Lecturer_26943,26943
Lecturer_26944,26944
Lecturer_26945,26945
Lecturer_26946,26946
Lecturer_26947,26947
Lecturer_26948,26948
Lecturer_26949,26949
Lecturer_26950,26950
Lecturer_26951,26951
Lecturer_26952,26952
Lecturer_26953,26953
Lecturer_26954,26954
Lecturer_26955,26955
Lecturer_26956,26956
Lecturer_26957,26957
Lecturer_26958,26958
Lecturer_26959,26959
Lecturer_26960,26960
Lecturer_26961,26961
Lecturer_26962,26962
Lecturer_26963,26963
Lecturer_26964,26964
Lecturer_26965,26965
Lecturer_26966,26966
Lecturer_26967,26967
Lecturer_26968,26968
Lecturer_26969,26969
Lecturer_26970,26970
Lecturer_26971,26971
Lecturer_26972,26972
Lecturer_26973,26973
Lecturer_26974,26974
Lecturer_26975,26975
Lecturer_26976,26976
Lecturer_26977,26977
Lecturer_26978,26978
Lecturer_26979,26979
Lecturer_26980,26980
Lecturer_26981,26981
Lecturer_26982,26982
Lecturer_26983,26983
Lecturer_26984,26984
Lecturer_26985,26985
Lecturer_26986,26986
Lecturer_26987,26987
Lecturer_26988,26988
Lecturer_26989,26989
Lecturer_26990,26990
Lecturer_26991,26991
Lecturer_26992,26992
Lecturer_26993,26993
Lecturer_26994,26994
Lecturer_26995,26995
Lecturer_26996,26996
Lecturer_26997,26997
Lecturer_26998,26998
Lecturer_26999,26999
Lecturer_27000,27000
Lecturer_27001,27001
Lecturer_27002,27002
Lecturer_27003,27003
Lecturer_27004,27004
Lecturer_27005,27005
Lecturer_27006,27006
Lecturer_27007,27007
Lecturer_27008,27008
Lecturer_27009,27009
Lecturer_27010,27010
Lecturer_27011,27011
Lecturer_27012,27012
Lecturer_27013,27013
Lecturer_27014,27014
Lecturer_27015,27015
Lecturer_27016,27016
Lecturer_27017,27017
Lecturer_27018,27018
Lecturer_27019,27019
Lecturer_27020,27020
Lecturer_27021,27021
Lecturer_27022,27022
Lecturer_27023,27023
Lecturer_27024,27024
Lecturer_27025,27025
Lecturer_27026,27026
Lecturer_27027,27027
Lecturer_27028,27028
Lecturer_27029,27029
Lecturer_27030,27030
Lecturer_27031,27031
Lecturer_27032,27032
Lecturer_27033,27033
Lecturer_27034,27034
Lecturer_27035,27035
Lecturer_27036,27036
Lecturer_27037,27037
Lecturer_27038,27038
Lecturer_27039,27039
Lecturer_27040,27040
Lecturer_27041,27041
Lecturer_27042,27042
Lecturer_27043,27043
Lecturer_27044,27044
Lecturer_27045,27045
Lecturer_27046,27046
Lecturer_27047,27047
Lecturer_27048,27048
Lecturer_27049,27049
Lecturer_27050,27050
Lecturer_27051,27051
Lecturer_27052,27052
Lecturer_27053,27053
Lecturer_27054,27054
Lecturer_27055,27055
Lecturer_27056,27056
Lecturer_27057,27057
Lecturer_27058,27058
Lecturer_27059,27059
Lecturer_27060,27060
Lecturer_27061,27061
Lecturer_27062,27062
Lecturer_27063,27063
Lecturer_27064,27064
Lecturer_27065,27065
Lecturer_27066,27066
Lecturer_27067,27067
Lecturer_27068,27068
Lecturer_27069,27069
Lecturer_27070,27070
Lecturer_27071,27071
Lecturer_27072,27072
Lecturer_27073,27073
Lecturer_27074,27074
Lecturer_27075,27075
Lecturer_27076,27076
Lecturer_27077,27077
Lecturer_27078,27078
Lecturer_27079,27079
Lecturer_27080,27080
Lecturer_27081,27081
Lecturer_27082,27082
Lecturer_27083,27083
Lecturer_27084,27084
Lecturer_27085,27085
Lecturer_27086,27086
Lecturer_27087,27087
Lecturer_27088,27088
Lecturer_27089,27089
Lecturer_27090,27090
Lecturer_27091,27091
Lecturer_27092,27092
Lecturer_27093,27093
Lecturer_27094,27094
Lecturer_27095,27095
Lecturer_27096,27096
Lecturer_27097,27097
Lecturer_27098,27098
Lecturer_27099,27099
Lecturer_27100,27100
Lecturer_27101,27101
Lecturer_27102,27102
Lecturer_27103,27103
Lecturer_27104,27104
Lecturer_27105,27105
Lecturer_27106,27106
Lecturer_27107,27107
Lecturer_27108,27108
Lecturer_27109,27109
Lecturer_27110,27110
Lecturer_27111,27111
Lecturer_27112,27112
Lecturer_27113,27113
Lecturer_27114,27114
Lecturer_27115,27115
Lecturer_27116,27116
Lecturer_27117,27117
Lecturer_27118,27118
Lecturer_27119,27119
Lecturer_27120,27120
Lecturer_27121,27121
Lecturer_27122,27122
Lecturer_27123,27123
Lecturer_27124,27124
Lecturer_27125,27125
Lecturer_27126,27126
Lecturer_27127,27127
Lecturer_27128,27128
Lecturer_27129,27129
Lecturer_27130,27130
Lecturer_27131,27131
Lecturer_27132,27132
Lecturer_27133,27133
Lecturer_27134,27134
Lecturer_27135,27135
Lecturer_27136,27136
Lecturer_27137,27137
Lecturer_27138,27138
Lecturer_27139,27139
Lecturer_27140,27140
Lecturer_27141,27141
Lecturer_27142,27142
Lecturer_27143,27143
Lecturer_27144,27144
Lecturer_27145,27145
Lecturer_27146,27146
Lecturer_27147,27147
Lecturer_27148,27148
Lecturer_27149,27149
Lecturer_27150,27150
Lecturer_27151,27151
Lecturer_27152,27152
Lecturer_27153,27153
Lecturer_27154,27154
Lecturer_27155,27155
Lecturer_27156,27156
Lecturer_27157,27157
Lecturer_27158,27158
Lecturer_27159,27159
Lecturer_27160,27160
Lecturer_27161,27161
Lecturer_27162,27162
Lecturer_27163,27163
Lecturer_27164,27164
Lecturer_27165,27165
Lecturer_27166,27166
Lecturer_27167,27167
Lecturer_27168,27168
Lecturer_27169,27169
Lecturer_27170,27170
Lecturer_27171,27171
Lecturer_27172,27172
Lecturer_27173,27173
Lecturer_27174,27174
Lecturer_27175,27175
Lecturer_27176,27176
Lecturer_27177,27177
Lecturer_27178,27178
Lecturer_27179,27179
Lecturer_27180,27180
Lecturer_27181,27181
Lecturer_27182,27182
Lecturer_27183,27183
Lecturer_27184,27184
Lecturer_27185,27185
Lecturer_27186,27186
Lecturer_27187,27187
Lecturer_27188,27188
Lecturer_27189,27189
Lecturer_27190,27190
Lecturer_27191,27191
Lecturer_27192,27192
Lecturer_27193,27193
Lecturer_27194,27194
Lecturer_27195,27195
Lecturer_27196,27196
Lecturer_27197,27197
Lecturer_27198,27198
Lecturer_27199,27199
Lecturer_27200,27200
Lecturer_27201,27201
Lecturer_27202,27202
Lecturer_27203,27203
Lecturer_27204,27204
Lecturer_27205,27205
Lecturer_27206,27206
Lecturer_27207,27207
Lecturer_27208,27208
Lecturer_27209,27209
Lecturer_27210,27210
Lecturer_27211,27211
Lecturer_27212,27212
Lecturer_27213,27213
Lecturer_27214,27214
Lecturer_27215,27215
Lecturer_27216,27216
Lecturer_27217,27217
Lecturer_27218,27218
Lecturer_27219,27219
Lecturer_27220,27220
Lecturer_27221,27221
Lecturer_27222,27222
Lecturer_27223,27223
Lecturer_27224,27224
Lecturer_27225,27225
Lecturer_27226,27226
Lecturer_27227,27227
Lecturer_27228,27228
Lecturer_27229,27229
Lecturer_27230,27230
Lecturer_27231,27231
Lecturer_27232,27232
Lecturer_27233,27233
Lecturer_27234,27234
Lecturer_27235,27235
Lecturer_27236,27236
Lecturer_27237,27237
Lecturer_27238,27238
Lecturer_27239,27239
Lecturer_27240,27240
Lecturer_27241,27241
Lecturer_27242,27242
Lecturer_27243,27243
Lecturer_27244,27244
Lecturer_27245,27245
Lecturer_27246,27246
Lecturer_27247,27247
Lecturer_27248,27248
Lecturer_27249,27249
Lecturer_27250,27250
Lecturer_27251,27251
Lecturer_27252,27252
Lecturer_27253,27253
Lecturer_27254,27254
Lecturer_27255,27255
Lecturer_27256,27256
Lecturer_27257,27257
Lecturer_27258,27258
Lecturer_27259,27259
Lecturer_27260,27260
Lecturer_27261,27261
Lecturer_27262,27262
Lecturer_27263,27263
Lecturer_27264,27264
Lecturer_27265,27265
Lecturer_27266,27266
Lecturer_27267,27267
Lecturer_27268,27268
Lecturer_27269,27269
Lecturer_27270,27270
Lecturer_27271,27271
Lecturer_27272,27272
Lecturer_27273,27273
Lecturer_27274,27274
Lecturer_27275,27275
Lecturer_27276,27276
Lecturer_27277,27277
Lecturer_27278,27278
Lecturer_27279,27279
Lecturer_27280,27280
Lecturer_27281,27281
Lecturer_27282,27282
Lecturer_27283,27283
Lecturer_27284,27284
Lecturer_27285,27285
Lecturer_27286,27286
Lecturer_27287,27287
Lecturer_27288,27288
Lecturer_27289,27289
Lecturer_27290,27290
Lecturer_27291,27291
Lecturer_27292,27292
Lecturer_27293,27293
Lecturer_27294,27294
Lecturer_27295,27295
Lecturer_27296,27296
Lecturer_27297,27297
Lecturer_27298,27298
Lecturer_27299,27299
Lecturer_27300,27300
Lecturer_27301,27301
Lecturer_27302,27302
Lecturer_27303,27303
Lecturer_27304,27304
Lecturer_27305,27305
Lecturer_27306,27306
Lecturer_27307,27307
Lecturer_27308,27308
Lecturer_27309,27309
Lecturer_27310,27310
Lecturer_27311,27311
Lecturer_27312,27312
Lecturer_27313,27313
Lecturer_27314,27314
Lecturer_27315,27315
Lecturer_27316,27316
Lecturer_27317,27317
Lecturer_27318,27318
Lecturer_27319,27319
Lecturer_27320,27320
Lecturer_27321,27321
Lecturer_27322,27322
Lecturer_27323,27323
Lecturer_27324,27324
Lecturer_27325,27325
Lecturer_27326,27326
Lecturer_27327,27327
Lecturer_27328,27328
Lecturer_27329,27329
Lecturer_27330,27330
Lecturer_27331,27331
Lecturer_27332,27332
Lecturer_27333,27333
Lecturer_27334,27334
Lecturer_27335,27335
Lecturer_27336,27336
Lecturer_27337,27337
Lecturer_27338,27338
Lecturer_27339,27339
Lecturer_27340,27340
Lecturer_27341,27341
Lecturer_27342,27342
Lecturer_27343,27343
Lecturer_27344,27344
Lecturer_27345,27345
Lecturer_27346,27346
Lecturer_27347,27347
Lecturer_27348,27348
Lecturer_27349,27349
Lecturer_27350,27350
Lecturer_27351,27351
Lecturer_27352,27352
Lecturer_27353,27353
Lecturer_27354,27354
Lecturer_27355,27355
Lecturer_27356,27356
Lecturer_27357,27357
Lecturer_27358,27358
Lecturer_27359,27359
Lecturer_27360,27360
Lecturer_27361,27361
Lecturer_27362,27362
Lecturer_27363,27363
Lecturer_27364,27364
Lecturer_27365,27365
Lecturer_27366,27366
Lecturer_27367,27367
Lecturer_27368,27368
Lecturer_27369,27369
Lecturer_27370,27370
Lecturer_27371,27371
Lecturer_27372,27372
Lecturer_27373,27373
Lecturer_27374,27374
Lecturer_27375,27375
Lecturer_27376,27376
Lecturer_27377,27377
Lecturer_27378,27378
Lecturer_27379,27379
Lecturer_27380,27380
Lecturer_27381,27381
Lecturer_27382,27382
Lecturer_27383,27383
Lecturer_27384,27384
Lecturer_27385,27385
Lecturer_27386,27386
Lecturer_27387,27387
Lecturer_27388,27388
Lecturer_27389,27389
Lecturer_27390,27390
Lecturer_27391,27391
Lecturer_27392,27392
Lecturer_27393,27393
Lecturer_27394,27394
Lecturer_27395,27395
Lecturer_27396,27396
Lecturer_27397,27397
Lecturer_27398,27398
Lecturer_27399,27399
Lecturer_27400,27400
Lecturer_27401,27401
Lecturer_27402,27402
Lecturer_27403,27403
Lecturer_27404,27404
Lecturer_27405,27405
Lecturer_27406,27406
Lecturer_27407,27407
Lecturer_27408,27408
Lecturer_27409,27409
Lecturer_27410,27410
Lecturer_27411,27411
Lecturer_27412,27412
Lecturer_27413,27413
Lecturer_27414,27414
Lecturer_27415,27415
Lecturer_27416,27416
Lecturer_27417,27417
Lecturer_27418,27418
Lecturer_27419,27419
Lecturer_27420,27420
Lecturer_27421,27421
Lecturer_27422,27422
Lecturer_27423,27423
Lecturer_27424,27424
Lecturer_27425,27425
Lecturer_27426,27426
Lecturer_27427,27427
Lecturer_27428,27428
Lecturer_27429,27429
Lecturer_27430,27430
Lecturer_27431,27431
Lecturer_27432,27432
Lecturer_27433,27433
Lecturer_27434,27434
Lecturer_27435,27435
Lecturer_27436,27436
Lecturer_27437,27437
Lecturer_27438,27438
Lecturer_27439,27439
Lecturer_27440,27440
Lecturer_27441,27441
Lecturer_27442,27442
Lecturer_27443,27443
Lecturer_27444,27444
Lecturer_27445,27445
Lecturer_27446,27446
Lecturer_27447,27447
Lecturer_27448,27448
Lecturer_27449,27449
Lecturer_27450,27450
Lecturer_27451,27451
Lecturer_27452,27452
Lecturer_27453,27453
Lecturer_27454,27454
Lecturer_27455,27455
Lecturer_27456,27456
Lecturer_27457,27457
Lecturer_27458,27458
Lecturer_27459,27459
Lecturer_27460,27460
Lecturer_27461,27461
Lecturer_27462,27462
Lecturer_27463,27463
Lecturer_27464,27464
Lecturer_27465,27465
Lecturer_27466,27466
Lecturer_27467,27467
Lecturer_27468,27468
Lecturer_27469,27469
Lecturer_27470,27470
Lecturer_27471,27471
Lecturer_27472,27472
Lecturer_27473,27473
Lecturer_27474,27474
Lecturer_27475,27475
Lecturer_27476,27476
Lecturer_27477,27477
Lecturer_27478,27478
Lecturer_27479,27479
Lecturer_27480,27480
Lecturer_27481,27481
Lecturer_27482,27482
Lecturer_27483,27483
Lecturer_27484,27484
Lecturer_27485,27485
Lecturer_27486,27486
Lecturer_27487,27487
Lecturer_27488,27488
Lecturer_27489,27489
Lecturer_27490,27490
Lecturer_27491,27491
Lecturer_27492,27492
Lecturer_27493,27493
Lecturer_27494,27494
Lecturer_27495,27495
Lecturer_27496,27496
Lecturer_27497,27497
Lecturer_27498,27498
Lecturer_27499,27499
Lecturer_27500,27500
Lecturer_27501,27501
Lecturer_27502,27502
Lecturer_27503,27503
Lecturer_27504,27504
Lecturer_27505,27505
Lecturer_27506,27506
Lecturer_27507,27507
Lecturer_27508,27508
Lecturer_27509,27509
Lecturer_27510,27510
Lecturer_27511,27511
Lecturer_27512,27512
Lecturer_27513,27513
Lecturer_27514,27514
Lecturer_27515,27515
Lecturer_27516,27516
Lecturer_27517,27517
Lecturer_27518,27518
Lecturer_27519,27519
Lecturer_27520,27520
Lecturer_27521,27521
Lecturer_27522,27522
Lecturer_27523,27523
Lecturer_27524,27524
Lecturer_27525,27525
Lecturer_27526,27526
Lecturer_27527,27527
Lecturer_27528,27528
Lecturer_27529,27529
Lecturer_27530,27530
Lecturer_27531,27531
Lecturer_27532,27532
Lecturer_27533,27533
Lecturer_27534,27534
Lecturer_27535,27535
Lecturer_27536,27536
Lecturer_27537,27537
Lecturer_27538,27538
Lecturer_27539,27539
Lecturer_27540,27540
Lecturer_27541,27541
Lecturer_27542,27542
Lecturer_27543,27543
Lecturer_27544,27544
Lecturer_27545,27545
Lecturer_27546,27546
Lecturer_27547,27547
Lecturer_27548,27548
Lecturer_27549,27549
Lecturer_27550,27550
Lecturer_27551,27551
Lecturer_27552,27552
Lecturer_27553,27553
Lecturer_27554,27554
Lecturer_27555,27555
Lecturer_27556,27556
Lecturer_27557,27557
Lecturer_27558,27558
Lecturer_27559,27559
Lecturer_27560,27560
Lecturer_27561,27561
Lecturer_27562,27562
Lecturer_27563,27563
Lecturer_27564,27564
Lecturer_27565,27565
Lecturer_27566,27566
Lecturer_27567,27567
Lecturer_27568,27568
Lecturer_27569,27569
Lecturer_27570,27570
Lecturer_27571,27571
Lecturer_27572,27572
Lecturer_27573,27573
Lecturer_27574,27574
Lecturer_27575,27575
Lecturer_27576,27576
Lecturer_27577,27577
Lecturer_27578,27578
Lecturer_27579,27579
Lecturer_27580,27580
Lecturer_27581,27581
Lecturer_27582,27582
Lecturer_27583,27583
Lecturer_27584,27584
Lecturer_27585,27585
Lecturer_27586,27586
Lecturer_27587,27587
Lecturer_27588,27588
Lecturer_27589,27589
Lecturer_27590,27590
Lecturer_27591,27591
Lecturer_27592,27592
Lecturer_27593,27593
Lecturer_27594,27594
Lecturer_27595,27595
Lecturer_27596,27596
Lecturer_27597,27597
Lecturer_27598,27598
Lecturer_27599,27599
Lecturer_27600,27600
Lecturer_27601,27601
Lecturer_27602,27602
Lecturer_27603,27603
Lecturer_27604,27604
Lecturer_27605,27605
Lecturer_27606,27606
Lecturer_27607,27607
Lecturer_27608,27608
Lecturer_27609,27609
Lecturer_27610,27610
Lecturer_27611,27611
Lecturer_27612,27612
Lecturer_27613,27613
Lecturer_27614,27614
Lecturer_27615,27615
Lecturer_27616,27616
Lecturer_27617,27617
Lecturer_27618,27618
Lecturer_27619,27619
Lecturer_27620,27620
Lecturer_27621,27621
Lecturer_27622,27622
Lecturer_27623,27623
Lecturer_27624,27624
Lecturer_27625,27625
Lecturer_27626,27626
Lecturer_27627,27627
Lecturer_27628,27628
Lecturer_27629,27629
Lecturer_27630,27630
Lecturer_27631,27631
Lecturer_27632,27632
Lecturer_27633,27633
Lecturer_27634,27634
Lecturer_27635,27635
Lecturer_27636,27636
Lecturer_27637,27637
Lecturer_27638,27638
Lecturer_27639,27639
Lecturer_27640,27640
Lecturer_27641,27641
Lecturer_27642,27642
Lecturer_27643,27643
Lecturer_27644,27644
Lecturer_27645,27645
Lecturer_27646,27646
Lecturer_27647,27647
Lecturer_27648,27648
Lecturer_27649,27649
Lecturer_27650,27650
Lecturer_27651,27651
Lecturer_27652,27652
Lecturer_27653,27653
Lecturer_27654,27654
Lecturer_27655,27655
Lecturer_27656,27656
Lecturer_27657,27657
Lecturer_27658,27658
Lecturer_27659,27659
Lecturer_27660,27660
Lecturer_27661,27661
Lecturer_27662,27662
Lecturer_27663,27663
Lecturer_27664,27664
Lecturer_27665,27665
Lecturer_27666,27666
Lecturer_27667,27667
Lecturer_27668,27668
Lecturer_27669,27669
Lecturer_27670,27670
Lecturer_27671,27671
Lecturer_27672,27672
Lecturer_27673,27673
Lecturer_27674,27674
Lecturer_27675,27675
Lecturer_27676,27676
Lecturer_27677,27677
Lecturer_27678,27678
Lecturer_27679,27679
Lecturer_27680,27680
Lecturer_27681,27681
Lecturer_27682,27682
Lecturer_27683,27683
Lecturer_27684,27684
Lecturer_27685,27685
Lecturer_27686,27686
Lecturer_27687,27687
Lecturer_27688,27688
Lecturer_27689,27689
Lecturer_27690,27690
Lecturer_27691,27691
Lecturer_27692,27692
Lecturer_27693,27693
Lecturer_27694,27694
Lecturer_27695,27695
Lecturer_27696,27696
Lecturer_27697,27697
Lecturer_27698,27698
Lecturer_27699,27699
Lecturer_27700,27700
Lecturer_27701,27701
Lecturer_27702,27702
Lecturer_27703,27703
Lecturer_27704,27704
Lecturer_27705,27705
Lecturer_27706,27706
Lecturer_27707,27707
Lecturer_27708,27708
Lecturer_27709,27709
Lecturer_27710,27710
Lecturer_27711,27711
Lecturer_27712,27712
Lecturer_27713,27713
Lecturer_27714,27714
Lecturer_27715,27715
Lecturer_27716,27716
Lecturer_27717,27717
Lecturer_27718,27718
Lecturer_27719,27719
Lecturer_27720,27720
Lecturer_27721,27721
Lecturer_27722,27722
Lecturer_27723,27723
Lecturer_27724,27724
Lecturer_27725,27725
Lecturer_27726,27726
Lecturer_27727,27727
Lecturer_27728,27728
Lecturer_27729,27729
Lecturer_27730,27730
Lecturer_27731,27731
Lecturer_27732,27732
Lecturer_27733,27733
Lecturer_27734,27734
Lecturer_27735,27735
Lecturer_27736,27736
Lecturer_27737,27737
Lecturer_27738,27738
Lecturer_27739,27739
Lecturer_27740,27740
Lecturer_27741,27741
Lecturer_27742,27742
Lecturer_27743,27743
Lecturer_27744,27744
Lecturer_27745,27745
Lecturer_27746,27746
Lecturer_27747,27747
Lecturer_27748,27748
Lecturer_27749,27749
Lecturer_27750,27750
Lecturer_27751,27751
Lecturer_27752,27752
Lecturer_27753,27753
Lecturer_27754,27754
Lecturer_27755,27755
Lecturer_27756,27756
Lecturer_27757,27757
Lecturer_27758,27758
Lecturer_27759,27759
Lecturer_27760,27760
Lecturer_27761,27761
Lecturer_27762,27762
Lecturer_27763,27763
Lecturer_27764,27764
Lecturer_27765,27765
Lecturer_27766,27766
Lecturer_27767,27767
Lecturer_27768,27768
Lecturer_27769,27769
Lecturer_27770,27770
Lecturer_27771,27771
Lecturer_27772,27772
Lecturer_27773,27773
Lecturer_27774,27774
Lecturer_27775,27775
Lecturer_27776,27776
Lecturer_27777,27777
Lecturer_27778,27778
Lecturer_27779,27779
Lecturer_27780,27780
Lecturer_27781,27781
Lecturer_27782,27782
Lecturer_27783,27783
Lecturer_27784,27784
Lecturer_27785,27785
Lecturer_27786,27786
Lecturer_27787,27787
Lecturer_27788,27788
Lecturer_27789,27789
Lecturer_27790,27790
Lecturer_27791,27791
Lecturer_27792,27792
Lecturer_27793,27793
Lecturer_27794,27794
Lecturer_27795,27795
Lecturer_27796,27796
Lecturer_27797,27797
Lecturer_27798,27798
Lecturer_27799,27799
Lecturer_27800,27800
Lecturer_27801,27801
Lecturer_27802,27802
Lecturer_27803,27803
Lecturer_27804,27804
Lecturer_27805,27805
Lecturer_27806,27806
Lecturer_27807,27807
Lecturer_27808,27808
Lecturer_27809,27809
Lecturer_27810,27810
Lecturer_27811,27811
Lecturer_27812,27812
Lecturer_27813,27813
Lecturer_27814,27814
Lecturer_27815,27815
Lecturer_27816,27816
Lecturer_27817,27817
Lecturer_27818,27818
Lecturer_27819,27819
Lecturer_27820,27820
Lecturer_27821,27821
Lecturer_27822,27822
Lecturer_27823,27823
Lecturer_27824,27824
Lecturer_27825,27825
Lecturer_27826,27826
Lecturer_27827,27827
Lecturer_27828,27828
Lecturer_27829,27829
Lecturer_27830,27830
Lecturer_27831,27831
Lecturer_27832,27832
Lecturer_27833,27833
Lecturer_27834,27834
Lecturer_27835,27835
Lecturer_27836,27836
Lecturer_27837,27837
Lecturer_27838,27838
Lecturer_27839,27839
Lecturer_27840,27840
Lecturer_27841,27841
Lecturer_27842,27842
Lecturer_27843,27843
Lecturer_27844,27844
Lecturer_27845,27845
Lecturer_27846,27846
Lecturer_27847,27847
Lecturer_27848,27848
Lecturer_27849,27849
Lecturer_27850,27850
Lecturer_27851,27851
Lecturer_27852,27852
Lecturer_27853,27853
Lecturer_27854,27854
Lecturer_27855,27855
Lecturer_27856,27856
Lecturer_27857,27857
Lecturer_27858,27858
Lecturer_27859,27859
Lecturer_27860,27860
Lecturer_27861,27861
Lecturer_27862,27862
Lecturer_27863,27863
Lecturer_27864,27864
Lecturer_27865,27865
Lecturer_27866,27866
Lecturer_27867,27867
Lecturer_27868,27868
Lecturer_27869,27869
Lecturer_27870,27870
Lecturer_27871,27871
Lecturer_27872,27872
Lecturer_27873,27873
Lecturer_27874,27874
Lecturer_27875,27875
Lecturer_27876,27876
Lecturer_27877,27877
Lecturer_27878,27878
Lecturer_27879,27879
Lecturer_27880,27880
Lecturer_27881,27881
Lecturer_27882,27882
Lecturer_27883,27883
Lecturer_27884,27884
Lecturer_27885,27885
Lecturer_27886,27886
Lecturer_27887,27887
Lecturer_27888,27888
Lecturer_27889,27889
Lecturer_27890,27890
Lecturer_27891,27891
Lecturer_27892,27892
Lecturer_27893,27893
Lecturer_27894,27894
Lecturer_27895,27895
Lecturer_27896,27896
Lecturer_27897,27897
Lecturer_27898,27898
Lecturer_27899,27899
Lecturer_27900,27900
Lecturer_27901,27901
Lecturer_27902,27902
Lecturer_27903,27903
Lecturer_27904,27904
Lecturer_27905,27905
Lecturer_27906,27906
Lecturer_27907,27907
Lecturer_27908,27908
Lecturer_27909,27909
Lecturer_27910,27910
Lecturer_27911,27911
Lecturer_27912,27912
Lecturer_27913,27913
Lecturer_27914,27914
Lecturer_27915,27915
Lecturer_27916,27916
Lecturer_27917,27917
Lecturer_27918,27918
Lecturer_27919,27919
Lecturer_27920,27920
Lecturer_27921,27921
Lecturer_27922,27922
Lecturer_27923,27923
Lecturer_27924,27924
Lecturer_27925,27925
Lecturer_27926,27926
Lecturer_27927,27927
Lecturer_27928,27928
Lecturer_27929,27929
Lecturer_27930,27930
Lecturer_27931,27931
Lecturer_27932,27932
Lecturer_27933,27933
Lecturer_27934,27934
Lecturer_27935,27935
Lecturer_27936,27936
Lecturer_27937,27937
Lecturer_27938,27938
Lecturer_27939,27939
Lecturer_27940,27940
Lecturer_27941,27941
Lecturer_27942,27942
Lecturer_27943,27943
Lecturer_27944,27944
Lecturer_27945,27945
Lecturer_27946,27946
Lecturer_27947,27947
Lecturer_27948,27948
Lecturer_27949,27949
Lecturer_27950,27950
Lecturer_27951,27951
Lecturer_27952,27952
Lecturer_27953,27953
Lecturer_27954,27954
Lecturer_27955,27955
Lecturer_27956,27956
Lecturer_27957,27957
Lecturer_27958,27958
Lecturer_27959,27959
Lecturer_27960,27960
Lecturer_27961,27961
Lecturer_27962,27962
Lecturer_27963,27963
Lecturer_27964,27964
Lecturer_27965,27965
Lecturer_27966,27966
Lecturer_27967,27967
Lecturer_27968,27968
Lecturer_27969,27969
Lecturer_27970,27970
Lecturer_27971,27971
Lecturer_27972,27972
Lecturer_27973,27973
Lecturer_27974,27974
Lecturer_27975,27975
Lecturer_27976,27976
Lecturer_27977,27977
Lecturer_27978,27978
Lecturer_27979,27979
Lecturer_27980,27980
Lecturer_27981,27981
Lecturer_27982,27982
Lecturer_27983,27983
Lecturer_27984,27984
Lecturer_27985,27985
Lecturer_27986,27986
Lecturer_27987,27987
Lecturer_27988,27988
Lecturer_27989,27989
Lecturer_27990,27990
Lecturer_27991,27991
Lecturer_27992,27992
Lecturer_27993,27993
Lecturer_27994,27994
Lecturer_27995,27995
Lecturer_27996,27996
Lecturer_27997,27997
Lecturer_27998,27998
Lecturer_27999,27999
Lecturer_28000,28000
Lecturer_28001,28001
Lecturer_28002,28002
Lecturer_28003,28003
Lecturer_28004,28004
Lecturer_28005,28005
Lecturer_28006,28006
Lecturer_28007,28007
Lecturer_28008,28008
Lecturer_28009,28009
Lecturer_28010,28010
Lecturer_28011,28011
Lecturer_28012,28012
Lecturer_28013,28013
Lecturer_28014,28014
Lecturer_28015,28015
Lecturer_28016,28016
Lecturer_28017,28017
Lecturer_28018,28018
Lecturer_28019,28019
Lecturer_28020,28020
Lecturer_28021,28021
Lecturer_28022,28022
Lecturer_28023,28023
Lecturer_28024,28024
Lecturer_28025,28025
Lecturer_28026,28026
Lecturer_28027,28027
Lecturer_28028,28028
Lecturer_28029,28029
Lecturer_28030,28030
Lecturer_28031,28031
Lecturer_28032,28032
Lecturer_28033,28033
Lecturer_28034,28034
Lecturer_28035,28035
Lecturer_28036,28036
Lecturer_28037,28037
Lecturer_28038,28038
Lecturer_28039,28039
Lecturer_28040,28040
Lecturer_28041,28041
Lecturer_28042,28042
Lecturer_28043,28043
Lecturer_28044,28044
Lecturer_28045,28045
Lecturer_28046,28046
Lecturer_28047,28047
Lecturer_28048,28048
Lecturer_28049,28049
Lecturer_28050,28050
Lecturer_28051,28051
Lecturer_28052,28052
Lecturer_28053,28053
Lecturer_28054,28054
Lecturer_28055,28055
Lecturer_28056,28056
Lecturer_28057,28057
Lecturer_28058,28058
Lecturer_28059,28059
Lecturer_28060,28060
Lecturer_28061,28061
Lecturer_28062,28062
Lecturer_28063,28063
Lecturer_28064,28064
Lecturer_28065,28065
Lecturer_28066,28066
Lecturer_28067,28067
Lecturer_28068,28068
Lecturer_28069,28069
Lecturer_28070,28070
Lecturer_28071,28071
Lecturer_28072,28072
Lecturer_28073,28073
Lecturer_28074,28074
Lecturer_28075,28075
Lecturer_28076,28076
Lecturer_28077,28077
Lecturer_28078,28078
Lecturer_28079,28079
Lecturer_28080,28080
Lecturer_28081,28081
Lecturer_28082,28082
Lecturer_28083,28083
Lecturer_28084,28084
Lecturer_28085,28085
Lecturer_28086,28086
Lecturer_28087,28087
Lecturer_28088,28088
Lecturer_28089,28089
Lecturer_28090,28090
Lecturer_28091,28091
Lecturer_28092,28092
Lecturer_28093,28093
Lecturer_28094,28094
Lecturer_28095,28095
Lecturer_28096,28096
Lecturer_28097,28097
Lecturer_28098,28098
Lecturer_28099,28099
Lecturer_28100,28100
Lecturer_28101,28101
Lecturer_28102,28102
Lecturer_28103,28103
Lecturer_28104,28104
Lecturer_28105,28105
Lecturer_28106,28106
Lecturer_28107,28107
Lecturer_28108,28108
Lecturer_28109,28109
Lecturer_28110,28110
Lecturer_28111,28111
Lecturer_28112,28112
Lecturer_28113,28113
Lecturer_28114,28114
Lecturer_28115,28115
Lecturer_28116,28116
Lecturer_28117,28117
Lecturer_28118,28118
Lecturer_28119,28119
Lecturer_28120,28120
Lecturer_28121,28121
Lecturer_28122,28122
Lecturer_28123,28123
Lecturer_28124,28124
Lecturer_28125,28125
Lecturer_28126,28126
Lecturer_28127,28127
Lecturer_28128,28128
Lecturer_28129,28129
Lecturer_28130,28130
Lecturer_28131,28131
Lecturer_28132,28132
Lecturer_28133,28133
Lecturer_28134,28134
Lecturer_28135,28135
Lecturer_28136,28136
Lecturer_28137,28137
Lecturer_28138,28138
Lecturer_28139,28139
Lecturer_28140,28140
Lecturer_28141,28141
Lecturer_28142,28142
Lecturer_28143,28143
Lecturer_28144,28144
Lecturer_28145,28145
Lecturer_28146,28146
Lecturer_28147,28147
Lecturer_28148,28148
Lecturer_28149,28149
Lecturer_28150,28150
Lecturer_28151,28151
Lecturer_28152,28152
Lecturer_28153,28153
Lecturer_28154,28154
Lecturer_28155,28155
Lecturer_28156,28156
Lecturer_28157,28157
Lecturer_28158,28158
Lecturer_28159,28159
Lecturer_28160,28160
Lecturer_28161,28161
Lecturer_28162,28162
Lecturer_28163,28163
Lecturer_28164,28164
Lecturer_28165,28165
Lecturer_28166,28166
Lecturer_28167,28167
Lecturer_28168,28168
Lecturer_28169,28169
Lecturer_28170,28170
Lecturer_28171,28171
Lecturer_28172,28172
Lecturer_28173,28173
Lecturer_28174,28174
Lecturer_28175,28175
Lecturer_28176,28176
Lecturer_28177,28177
Lecturer_28178,28178
Lecturer_28179,28179
Lecturer_28180,28180
Lecturer_28181,28181
Lecturer_28182,28182
Lecturer_28183,28183
Lecturer_28184,28184
Lecturer_28185,28185
Lecturer_28186,28186
Lecturer_28187,28187
Lecturer_28188,28188
Lecturer_28189,28189
Lecturer_28190,28190
Lecturer_28191,28191
Lecturer_28192,28192
Lecturer_28193,28193
Lecturer_28194,28194
Lecturer_28195,28195
Lecturer_28196,28196
Lecturer_28197,28197
Lecturer_28198,28198
Lecturer_28199,28199
Lecturer_28200,28200
Lecturer_28201,28201
Lecturer_28202,28202
Lecturer_28203,28203
Lecturer_28204,28204
Lecturer_28205,28205
Lecturer_28206,28206
Lecturer_28207,28207
Lecturer_28208,28208
Lecturer_28209,28209
Lecturer_28210,28210
Lecturer_28211,28211
Lecturer_28212,28212
Lecturer_28213,28213
Lecturer_28214,28214
Lecturer_28215,28215
Lecturer_28216,28216
Lecturer_28217,28217
Lecturer_28218,28218
Lecturer_28219,28219
Lecturer_28220,28220
Lecturer_28221,28221
Lecturer_28222,28222
Lecturer_28223,28223
Lecturer_28224,28224
Lecturer_28225,28225
Lecturer_28226,28226
Lecturer_28227,28227
Lecturer_28228,28228
Lecturer_28229,28229
Lecturer_28230,28230
Lecturer_28231,28231
Lecturer_28232,28232
Lecturer_28233,28233
Lecturer_28234,28234
Lecturer_28235,28235
Lecturer_28236,28236
Lecturer_28237,28237
Lecturer_28238,28238
Lecturer_28239,28239
Lecturer_28240,28240
Lecturer_28241,28241
Lecturer_28242,28242
Lecturer_28243,28243
Lecturer_28244,28244
Lecturer_28245,28245
Lecturer_28246,28246
Lecturer_28247,28247
Lecturer_28248,28248
Lecturer_28249,28249
Lecturer_28250,28250
Lecturer_28251,28251
Lecturer_28252,28252
Lecturer_28253,28253
Lecturer_28254,28254
Lecturer_28255,28255
Lecturer_28256,28256
Lecturer_28257,28257
Lecturer_28258,28258
Lecturer_28259,28259
Lecturer_28260,28260
Lecturer_28261,28261
Lecturer_28262,28262
Lecturer_28263,28263
Lecturer_28264,28264
Lecturer_28265,28265
Lecturer_28266,28266
Lecturer_28267,28267
Lecturer_28268,28268
Lecturer_28269,28269
Lecturer_28270,28270
Lecturer_28271,28271
Lecturer_28272,28272
Lecturer_28273,28273
Lecturer_28274,28274
Lecturer_28275,28275
Lecturer_28276,28276
Lecturer_28277,28277
Lecturer_28278,28278
Lecturer_28279,28279
Lecturer_28280,28280
Lecturer_28281,28281
Lecturer_28282,28282
Lecturer_28283,28283
Lecturer_28284,28284
Lecturer_28285,28285
Lecturer_28286,28286
Lecturer_28287,28287
Lecturer_28288,28288
Lecturer_28289,28289
Lecturer_28290,28290
Lecturer_28291,28291
Lecturer_28292,28292
Lecturer_28293,28293
Lecturer_28294,28294
Lecturer_28295,28295
Lecturer_28296,28296
Lecturer_28297,28297
Lecturer_28298,28298
Lecturer_28299,28299
Lecturer_28300,28300
Lecturer_28301,28301
Lecturer_28302,28302
Lecturer_28303,28303
Lecturer_28304,28304
Lecturer_28305,28305
Lecturer_28306,28306
Lecturer_28307,28307
Lecturer_28308,28308
Lecturer_28309,28309
Lecturer_28310,28310
Lecturer_28311,28311
Lecturer_28312,28312
Lecturer_28313,28313
Lecturer_28314,28314
Lecturer_28315,28315
Lecturer_28316,28316
Lecturer_28317,28317
Lecturer_28318,28318
Lecturer_28319,28319
Lecturer_28320,28320
Lecturer_28321,28321
Lecturer_28322,28322
Lecturer_28323,28323
Lecturer_28324,28324
Lecturer_28325,28325
Lecturer_28326,28326
Lecturer_28327,28327
Lecturer_28328,28328
Lecturer_28329,28329
Lecturer_28330,28330
Lecturer_28331,28331
Lecturer_28332,28332
Lecturer_28333,28333
Lecturer_28334,28334
Lecturer_28335,28335
Lecturer_28336,28336
Lecturer_28337,28337
Lecturer_28338,28338
Lecturer_28339,28339
Lecturer_28340,28340
Lecturer_28341,28341
Lecturer_28342,28342
Lecturer_28343,28343
Lecturer_28344,28344
Lecturer_28345,28345
Lecturer_28346,28346
Lecturer_28347,28347
Lecturer_28348,28348
Lecturer_28349,28349
Lecturer_28350,28350
Lecturer_28351,28351
Lecturer_28352,28352
Lecturer_28353,28353
Lecturer_28354,28354
Lecturer_28355,28355
Lecturer_28356,28356
Lecturer_28357,28357
Lecturer_28358,28358
Lecturer_28359,28359
Lecturer_28360,28360
Lecturer_28361,28361
Lecturer_28362,28362
Lecturer_28363,28363
Lecturer_28364,28364
Lecturer_28365,28365
Lecturer_28366,28366
Lecturer_28367,28367
Lecturer_28368,28368
Lecturer_28369,28369
Lecturer_28370,28370
Lecturer_28371,28371
Lecturer_28372,28372
Lecturer_28373,28373
Lecturer_28374,28374
Lecturer_28375,28375
Lecturer_28376,28376
Lecturer_28377,28377
Lecturer_28378,28378
Lecturer_28379,28379
Lecturer_28380,28380
Lecturer_28381,28381
Lecturer_28382,28382
Lecturer_28383,28383
Lecturer_28384,28384
Lecturer_28385,28385
Lecturer_28386,28386
Lecturer_28387,28387
Lecturer_28388,28388
Lecturer_28389,28389
Lecturer_28390,28390
Lecturer_28391,28391
Lecturer_28392,28392
Lecturer_28393,28393
Lecturer_28394,28394
Lecturer_28395,28395
Lecturer_28396,28396
Lecturer_28397,28397
Lecturer_28398,28398
Lecturer_28399,28399
Lecturer_28400,28400
Lecturer_28401,28401
Lecturer_28402,28402
Lecturer_28403,28403
Lecturer_28404,28404
Lecturer_28405,28405
Lecturer_28406,28406
Lecturer_28407,28407
Lecturer_28408,28408
Lecturer_28409,28409
Lecturer_28410,28410
Lecturer_28411,28411
Lecturer_28412,28412
Lecturer_28413,28413
Lecturer_28414,28414
Lecturer_28415,28415
Lecturer_28416,28416
Lecturer_28417,28417
Lecturer_28418,28418
Lecturer_28419,28419
Lecturer_28420,28420
Lecturer_28421,28421
Lecturer_28422,28422
Lecturer_28423,28423
Lecturer_28424,28424
Lecturer_28425,28425
Lecturer_28426,28426
Lecturer_28427,28427
Lecturer_28428,28428
Lecturer_28429,28429
Lecturer_28430,28430
Lecturer_28431,28431
Lecturer_28432,28432
Lecturer_28433,28433
Lecturer_28434,28434
Lecturer_28435,28435
Lecturer_28436,28436
Lecturer_28437,28437
Lecturer_28438,28438
Lecturer_28439,28439
Lecturer_28440,28440
Lecturer_28441,28441
Lecturer_28442,28442
Lecturer_28443,28443
Lecturer_28444,28444
Lecturer_28445,28445
Lecturer_28446,28446
Lecturer_28447,28447
Lecturer_28448,28448
Lecturer_28449,28449
Lecturer_28450,28450
Lecturer_28451,28451
Lecturer_28452,28452
Lecturer_28453,28453
Lecturer_28454,28454
Lecturer_28455,28455
Lecturer_28456,28456
Lecturer_28457,28457
Lecturer_28458,28458
Lecturer_28459,28459
Lecturer_28460,28460
Lecturer_28461,28461
Lecturer_28462,28462
Lecturer_28463,28463
Lecturer_28464,28464
Lecturer_28465,28465
Lecturer_28466,28466
Lecturer_28467,28467
Lecturer_28468,28468
Lecturer_28469,28469
Lecturer_28470,28470
Lecturer_28471,28471
Lecturer_28472,28472
Lecturer_28473,28473
Lecturer_28474,28474
Lecturer_28475,28475
Lecturer_28476,28476
Lecturer_28477,28477
Lecturer_28478,28478
Lecturer_28479,28479
Lecturer_28480,28480
Lecturer_28481,28481
Lecturer_28482,28482
Lecturer_28483,28483
Lecturer_28484,28484
Lecturer_28485,28485
Lecturer_28486,28486
Lecturer_28487,28487
Lecturer_28488,28488
Lecturer_28489,28489
Lecturer_28490,28490
Lecturer_28491,28491
Lecturer_28492,28492
Lecturer_28493,28493
Lecturer_28494,28494
Lecturer_28495,28495
Lecturer_28496,28496
Lecturer_28497,28497
Lecturer_28498,28498
Lecturer_28499,28499
Lecturer_28500,28500
Lecturer_28501,28501
Lecturer_28502,28502
Lecturer_28503,28503
Lecturer_28504,28504
Lecturer_28505,28505
Lecturer_28506,28506
Lecturer_28507,28507
Lecturer_28508,28508
Lecturer_28509,28509
Lecturer_28510,28510
Lecturer_28511,28511
Lecturer_28512,28512
Lecturer_28513,28513
Lecturer_28514,28514
Lecturer_28515,28515
Lecturer_28516,28516
Lecturer_28517,28517
Lecturer_28518,28518
Lecturer_28519,28519
Lecturer_28520,28520
Lecturer_28521,28521
Lecturer_28522,28522
Lecturer_28523,28523
Lecturer_28524,28524
Lecturer_28525,28525
Lecturer_28526,28526
Lecturer_28527,28527
Lecturer_28528,28528
Lecturer_28529,28529
Lecturer_28530,28530
Lecturer_28531,28531
Lecturer_28532,28532
Lecturer_28533,28533
Lecturer_28534,28534
Lecturer_28535,28535
Lecturer_28536,28536
Lecturer_28537,28537
Lecturer_28538,28538
Lecturer_28539,28539
Lecturer_28540,28540
Lecturer_28541,28541
Lecturer_28542,28542
Lecturer_28543,28543
Lecturer_28544,28544
Lecturer_28545,28545
Lecturer_28546,28546
Lecturer_28547,28547
Lecturer_28548,28548
Lecturer_28549,28549
Lecturer_28550,28550
Lecturer_28551,28551
Lecturer_28552,28552
Lecturer_28553,28553
Lecturer_28554,28554
Lecturer_28555,28555
Lecturer_28556,28556
Lecturer_28557,28557
Lecturer_28558,28558
Lecturer_28559,28559
Lecturer_28560,28560
Lecturer_28561,28561
Lecturer_28562,28562
Lecturer_28563,28563
Lecturer_28564,28564
Lecturer_28565,28565
Lecturer_28566,28566
Lecturer_28567,28567
Lecturer_28568,28568
Lecturer_28569,28569
Lecturer_28570,28570
Lecturer_28571,28571
Lecturer_28572,28572
Lecturer_28573,28573
Lecturer_28574,28574
Lecturer_28575,28575
Lecturer_28576,28576
Lecturer_28577,28577
Lecturer_28578,28578
Lecturer_28579,28579
Lecturer_28580,28580
Lecturer_28581,28581
Lecturer_28582,28582
Lecturer_28583,28583
Lecturer_28584,28584
Lecturer_28585,28585
Lecturer_28586,28586
Lecturer_28587,28587
Lecturer_28588,28588
Lecturer_28589,28589
Lecturer_28590,28590
Lecturer_28591,28591
Lecturer_28592,28592
Lecturer_28593,28593
Lecturer_28594,28594
Lecturer_28595,28595
Lecturer_28596,28596
Lecturer_28597,28597
Lecturer_28598,28598
Lecturer_28599,28599
Lecturer_28600,28600
Lecturer_28601,28601
Lecturer_28602,28602
Lecturer_28603,28603
Lecturer_28604,28604
Lecturer_28605,28605
Lecturer_28606,28606
Lecturer_28607,28607
Lecturer_28608,28608
Lecturer_28609,28609
Lecturer_28610,28610
Lecturer_28611,28611
Lecturer_28612,28612
Lecturer_28613,28613
Lecturer_28614,28614
Lecturer_28615,28615
Lecturer_28616,28616
Lecturer_28617,28617
Lecturer_28618,28618
Lecturer_28619,28619
Lecturer_28620,28620
Lecturer_28621,28621
Lecturer_28622,28622
Lecturer_28623,28623
Lecturer_28624,28624
Lecturer_28625,28625
Lecturer_28626,28626
Lecturer_28627,28627
Lecturer_28628,28628
Lecturer_28629,28629
Lecturer_28630,28630
Lecturer_28631,28631
Lecturer_28632,28632
Lecturer_28633,28633
Lecturer_28634,28634
Lecturer_28635,28635
Lecturer_28636,28636
Lecturer_28637,28637
Lecturer_28638,28638
Lecturer_28639,28639
Lecturer_28640,28640
Lecturer_28641,28641
Lecturer_28642,28642
Lecturer_28643,28643
Lecturer_28644,28644
Lecturer_28645,28645
Lecturer_28646,28646
Lecturer_28647,28647
Lecturer_28648,28648
Lecturer_28649,28649
Lecturer_28650,28650
Lecturer_28651,28651
Lecturer_28652,28652
Lecturer_28653,28653
Lecturer_28654,28654
Lecturer_28655,28655
Lecturer_28656,28656
Lecturer_28657,28657
Lecturer_28658,28658
Lecturer_28659,28659
Lecturer_28660,28660
Lecturer_28661,28661
Lecturer_28662,28662
Lecturer_28663,28663
Lecturer_28664,28664
Lecturer_28665,28665
Lecturer_28666,28666
Lecturer_28667,28667
Lecturer_28668,28668
Lecturer_28669,28669
Lecturer_28670,28670
Lecturer_28671,28671
Lecturer_28672,28672
Lecturer_28673,28673
Lecturer_28674,28674
Lecturer_28675,28675
Lecturer_28676,28676
Lecturer_28677,28677
Lecturer_28678,28678
Lecturer_28679,28679
Lecturer_28680,28680
Lecturer_28681,28681
Lecturer_28682,28682
Lecturer_28683,28683
Lecturer_28684,28684
Lecturer_28685,28685
Lecturer_28686,28686
Lecturer_28687,28687
Lecturer_28688,28688
Lecturer_28689,28689
Lecturer_28690,28690
Lecturer_28691,28691
Lecturer_28692,28692
Lecturer_28693,28693
Lecturer_28694,28694
Lecturer_28695,28695
Lecturer_28696,28696
Lecturer_28697,28697
Lecturer_28698,28698
Lecturer_28699,28699
Lecturer_28700,28700
Lecturer_28701,28701
Lecturer_28702,28702
Lecturer_28703,28703
Lecturer_28704,28704
Lecturer_28705,28705
Lecturer_28706,28706
Lecturer_28707,28707
Lecturer_28708,28708
Lecturer_28709,28709
Lecturer_28710,28710
Lecturer_28711,28711
Lecturer_28712,28712
Lecturer_28713,28713
Lecturer_28714,28714
Lecturer_28715,28715
Lecturer_28716,28716
Lecturer_28717,28717
Lecturer_28718,28718
Lecturer_28719,28719
Lecturer_28720,28720
Lecturer_28721,28721
Lecturer_28722,28722
Lecturer_28723,28723
Lecturer_28724,28724
Lecturer_28725,28725
Lecturer_28726,28726
Lecturer_28727,28727
Lecturer_28728,28728
Lecturer_28729,28729
Lecturer_28730,28730
Lecturer_28731,28731
Lecturer_28732,28732
Lecturer_28733,28733
Lecturer_28734,28734
Lecturer_28735,28735
Lecturer_28736,28736
Lecturer_28737,28737
Lecturer_28738,28738
Lecturer_28739,28739
Lecturer_28740,28740
Lecturer_28741,28741
Lecturer_28742,28742
Lecturer_28743,28743
Lecturer_28744,28744
Lecturer_28745,28745
Lecturer_28746,28746
Lecturer_28747,28747
Lecturer_28748,28748
Lecturer_28749,28749
Lecturer_28750,28750
Lecturer_28751,28751
Lecturer_28752,28752
Lecturer_28753,28753
Lecturer_28754,28754
Lecturer_28755,28755
Lecturer_28756,28756
Lecturer_28757,28757
Lecturer_28758,28758
Lecturer_28759,28759
Lecturer_28760,28760
Lecturer_28761,28761
Lecturer_28762,28762
Lecturer_28763,28763
Lecturer_28764,28764
Lecturer_28765,28765
Lecturer_28766,28766
Lecturer_28767,28767
Lecturer_28768,28768
Lecturer_28769,28769
Lecturer_28770,28770
Lecturer_28771,28771
Lecturer_28772,28772
Lecturer_28773,28773
Lecturer_28774,28774
Lecturer_28775,28775
Lecturer_28776,28776
Lecturer_28777,28777
Lecturer_28778,28778
Lecturer_28779,28779
Lecturer_28780,28780
Lecturer_28781,28781
Lecturer_28782,28782
Lecturer_28783,28783
Lecturer_28784,28784
Lecturer_28785,28785
Lecturer_28786,28786
Lecturer_28787,28787
Lecturer_28788,28788
Lecturer_28789,28789
Lecturer_28790,28790
Lecturer_28791,28791
Lecturer_28792,28792
Lecturer_28793,28793
Lecturer_28794,28794
Lecturer_28795,28795
Lecturer_28796,28796
Lecturer_28797,28797
Lecturer_28798,28798
Lecturer_28799,28799
Lecturer_28800,28800
Lecturer_28801,28801
Lecturer_28802,28802
Lecturer_28803,28803
Lecturer_28804,28804
Lecturer_28805,28805
Lecturer_28806,28806
Lecturer_28807,28807
Lecturer_28808,28808
Lecturer_28809,28809
Lecturer_28810,28810
Lecturer_28811,28811
Lecturer_28812,28812
Lecturer_28813,28813
Lecturer_28814,28814
Lecturer_28815,28815
Lecturer_28816,28816
Lecturer_28817,28817
Lecturer_28818,28818
Lecturer_28819,28819
Lecturer_28820,28820
Lecturer_28821,28821
Lecturer_28822,28822
Lecturer_28823,28823
Lecturer_28824,28824
Lecturer_28825,28825
Lecturer_28826,28826
Lecturer_28827,28827
Lecturer_28828,28828
Lecturer_28829,28829
Lecturer_28830,28830
Lecturer_28831,28831
Lecturer_28832,28832
Lecturer_28833,28833
Lecturer_28834,28834
Lecturer_28835,28835
Lecturer_28836,28836
Lecturer_28837,28837
Lecturer_28838,28838
Lecturer_28839,28839
Lecturer_28840,28840
Lecturer_28841,28841
Lecturer_28842,28842
Lecturer_28843,28843
Lecturer_28844,28844
Lecturer_28845,28845
Lecturer_28846,28846
Lecturer_28847,28847
Lecturer_28848,28848
Lecturer_28849,28849
Lecturer_28850,28850
Lecturer_28851,28851
Lecturer_28852,28852
Lecturer_28853,28853
Lecturer_28854,28854
Lecturer_28855,28855
Lecturer_28856,28856
Lecturer_28857,28857
Lecturer_28858,28858
Lecturer_28859,28859
Lecturer_28860,28860
Lecturer_28861,28861
Lecturer_28862,28862
Lecturer_28863,28863
Lecturer_28864,28864
Lecturer_28865,28865
Lecturer_28866,28866
Lecturer_28867,28867
Lecturer_28868,28868
Lecturer_28869,28869
Lecturer_28870,28870
Lecturer_28871,28871
Lecturer_28872,28872
Lecturer_28873,28873
Lecturer_28874,28874
Lecturer_28875,28875
Lecturer_28876,28876
Lecturer_28877,28877
Lecturer_28878,28878
Lecturer_28879,28879
Lecturer_28880,28880
Lecturer_28881,28881
Lecturer_28882,28882
Lecturer_28883,28883
Lecturer_28884,28884
Lecturer_28885,28885
Lecturer_28886,28886
Lecturer_28887,28887
Lecturer_28888,28888
Lecturer_28889,28889
Lecturer_28890,28890
Lecturer_28891,28891
Lecturer_28892,28892
Lecturer_28893,28893
Lecturer_28894,28894
Lecturer_28895,28895
Lecturer_28896,28896
Lecturer_28897,28897
Lecturer_28898,28898
Lecturer_28899,28899
Lecturer_28900,28900
Lecturer_28901,28901
Lecturer_28902,28902
Lecturer_28903,28903
Lecturer_28904,28904
Lecturer_28905,28905
Lecturer_28906,28906
Lecturer_28907,28907
Lecturer_28908,28908
Lecturer_28909,28909
Lecturer_28910,28910
Lecturer_28911,28911
Lecturer_28912,28912
Lecturer_28913,28913
Lecturer_28914,28914
Lecturer_28915,28915
Lecturer_28916,28916
Lecturer_28917,28917
Lecturer_28918,28918
Lecturer_28919,28919
Lecturer_28920,28920
Lecturer_28921,28921
Lecturer_28922,28922
Lecturer_28923,28923
Lecturer_28924,28924
Lecturer_28925,28925
Lecturer_28926,28926
Lecturer_28927,28927
Lecturer_28928,28928
Lecturer_28929,28929
Lecturer_28930,28930
Lecturer_28931,28931
Lecturer_28932,28932
Lecturer_28933,28933
Lecturer_28934,28934
Lecturer_28935,28935
Lecturer_28936,28936
Lecturer_28937,28937
Lecturer_28938,28938
Lecturer_28939,28939
Lecturer_28940,28940
Lecturer_28941,28941
Lecturer_28942,28942
Lecturer_28943,28943
Lecturer_28944,28944
Lecturer_28945,28945
Lecturer_28946,28946
Lecturer_28947,28947
Lecturer_28948,28948
Lecturer_28949,28949
Lecturer_28950,28950
Lecturer_28951,28951
Lecturer_28952,28952
Lecturer_28953,28953
Lecturer_28954,28954
Lecturer_28955,28955
Lecturer_28956,28956
Lecturer_28957,28957
Lecturer_28958,28958
Lecturer_28959,28959
Lecturer_28960,28960
Lecturer_28961,28961
Lecturer_28962,28962
Lecturer_28963,28963
Lecturer_28964,28964
Lecturer_28965,28965
Lecturer_28966,28966
Lecturer_28967,28967
Lecturer_28968,28968
Lecturer_28969,28969
Lecturer_28970,28970
Lecturer_28971,28971
Lecturer_28972,28972
Lecturer_28973,28973
Lecturer_28974,28974
Lecturer_28975,28975
Lecturer_28976,28976
Lecturer_28977,28977
Lecturer_28978,28978
Lecturer_28979,28979
Lecturer_28980,28980
Lecturer_28981,28981
Lecturer_28982,28982
Lecturer_28983,28983
Lecturer_28984,28984
Lecturer_28985,28985
Lecturer_28986,28986
Lecturer_28987,28987
Lecturer_28988,28988
Lecturer_28989,28989
Lecturer_28990,28990
Lecturer_28991,28991
Lecturer_28992,28992
Lecturer_28993,28993
Lecturer_28994,28994
Lecturer_28995,28995
Lecturer_28996,28996
Lecturer_28997,28997
Lecturer_28998,28998
Lecturer_28999,28999
Lecturer_29000,29000
Lecturer_29001,29001
Lecturer_29002,29002
Lecturer_29003,29003
Lecturer_29004,29004
Lecturer_29005,29005
Lecturer_29006,29006
Lecturer_29007,29007
Lecturer_29008,29008
Lecturer_29009,29009
Lecturer_29010,29010
Lecturer_29011,29011
Lecturer_29012,29012
Lecturer_29013,29013
Lecturer_29014,29014
Lecturer_29015,29015
Lecturer_29016,29016
Lecturer_29017,29017
Lecturer_29018,29018
Lecturer_29019,29019
Lecturer_29020,29020
Lecturer_29021,29021
Lecturer_29022,29022
Lecturer_29023,29023
Lecturer_29024,29024
Lecturer_29025,29025
Lecturer_29026,29026
Lecturer_29027,29027
Lecturer_29028,29028
Lecturer_29029,29029
Lecturer_29030,29030
Lecturer_29031,29031
Lecturer_29032,29032
Lecturer_29033,29033
Lecturer_29034,29034
Lecturer_29035,29035
Lecturer_29036,29036
Lecturer_29037,29037
Lecturer_29038,29038
Lecturer_29039,29039
Lecturer_29040,29040
Lecturer_29041,29041
Lecturer_29042,29042
Lecturer_29043,29043
Lecturer_29044,29044
Lecturer_29045,29045
Lecturer_29046,29046
Lecturer_29047,29047
Lecturer_29048,29048
Lecturer_29049,29049
Lecturer_29050,29050
Lecturer_29051,29051
Lecturer_29052,29052
Lecturer_29053,29053
Lecturer_29054,29054
Lecturer_29055,29055
Lecturer_29056,29056
Lecturer_29057,29057
Lecturer_29058,29058
Lecturer_29059,29059
Lecturer_29060,29060
Lecturer_29061,29061
Lecturer_29062,29062
Lecturer_29063,29063
Lecturer_29064,29064
Lecturer_29065,29065
Lecturer_29066,29066
Lecturer_29067,29067
Lecturer_29068,29068
Lecturer_29069,29069
Lecturer_29070,29070
Lecturer_29071,29071
Lecturer_29072,29072
Lecturer_29073,29073
Lecturer_29074,29074
Lecturer_29075,29075
Lecturer_29076,29076
Lecturer_29077,29077
Lecturer_29078,29078
Lecturer_29079,29079
Lecturer_29080,29080
Lecturer_29081,29081
Lecturer_29082,29082
Lecturer_29083,29083
Lecturer_29084,29084
Lecturer_29085,29085
Lecturer_29086,29086
Lecturer_29087,29087
Lecturer_29088,29088
Lecturer_29089,29089
Lecturer_29090,29090
Lecturer_29091,29091
Lecturer_29092,29092
Lecturer_29093,29093
Lecturer_29094,29094
Lecturer_29095,29095
Lecturer_29096,29096
Lecturer_29097,29097
Lecturer_29098,29098
Lecturer_29099,29099
Lecturer_29100,29100
Lecturer_29101,29101
Lecturer_29102,29102
Lecturer_29103,29103
Lecturer_29104,29104
Lecturer_29105,29105
Lecturer_29106,29106
Lecturer_29107,29107
Lecturer_29108,29108
Lecturer_29109,29109
Lecturer_29110,29110
Lecturer_29111,29111
Lecturer_29112,29112
Lecturer_29113,29113
Lecturer_29114,29114
Lecturer_29115,29115
Lecturer_29116,29116
Lecturer_29117,29117
Lecturer_29118,29118
Lecturer_29119,29119
Lecturer_29120,29120
Lecturer_29121,29121
Lecturer_29122,29122
Lecturer_29123,29123
Lecturer_29124,29124
Lecturer_29125,29125
Lecturer_29126,29126
Lecturer_29127,29127
Lecturer_29128,29128
Lecturer_29129,29129
Lecturer_29130,29130
Lecturer_29131,29131
Lecturer_29132,29132
Lecturer_29133,29133
Lecturer_29134,29134
Lecturer_29135,29135
Lecturer_29136,29136
Lecturer_29137,29137
Lecturer_29138,29138
Lecturer_29139,29139
Lecturer_29140,29140
Lecturer_29141,29141
Lecturer_29142,29142
Lecturer_29143,29143
Lecturer_29144,29144
Lecturer_29145,29145
Lecturer_29146,29146
Lecturer_29147,29147
Lecturer_29148,29148
Lecturer_29149,29149
Lecturer_29150,29150
Lecturer_29151,29151
Lecturer_29152,29152
Lecturer_29153,29153
Lecturer_29154,29154
Lecturer_29155,29155
Lecturer_29156,29156
Lecturer_29157,29157
Lecturer_29158,29158
Lecturer_29159,29159
Lecturer_29160,29160
Lecturer_29161,29161
Lecturer_29162,29162
Lecturer_29163,29163
Lecturer_29164,29164
Lecturer_29165,29165
Lecturer_29166,29166
Lecturer_29167,29167
Lecturer_29168,29168
Lecturer_29169,29169
Lecturer_29170,29170
Lecturer_29171,29171
Lecturer_29172,29172
Lecturer_29173,29173
Lecturer_29174,29174
Lecturer_29175,29175
Lecturer_29176,29176
Lecturer_29177,29177
Lecturer_29178,29178
Lecturer_29179,29179
Lecturer_29180,29180
Lecturer_29181,29181
Lecturer_29182,29182
Lecturer_29183,29183
Lecturer_29184,29184
Lecturer_29185,29185
Lecturer_29186,29186
Lecturer_29187,29187
Lecturer_29188,29188
Lecturer_29189,29189
Lecturer_29190,29190
Lecturer_29191,29191
Lecturer_29192,29192
Lecturer_29193,29193
Lecturer_29194,29194
Lecturer_29195,29195
Lecturer_29196,29196
Lecturer_29197,29197
Lecturer_29198,29198
Lecturer_29199,29199
Lecturer_29200,29200
Lecturer_29201,29201
Lecturer_29202,29202
Lecturer_29203,29203
Lecturer_29204,29204
Lecturer_29205,29205
Lecturer_29206,29206
Lecturer_29207,29207
Lecturer_29208,29208
Lecturer_29209,29209
Lecturer_29210,29210
Lecturer_29211,29211
Lecturer_29212,29212
Lecturer_29213,29213
Lecturer_29214,29214
Lecturer_29215,29215
Lecturer_29216,29216
Lecturer_29217,29217
Lecturer_29218,29218
Lecturer_29219,29219
Lecturer_29220,29220
Lecturer_29221,29221
Lecturer_29222,29222
Lecturer_29223,29223
Lecturer_29224,29224
Lecturer_29225,29225
Lecturer_29226,29226
Lecturer_29227,29227
Lecturer_29228,29228
Lecturer_29229,29229
Lecturer_29230,29230
Lecturer_29231,29231
Lecturer_29232,29232
Lecturer_29233,29233
Lecturer_29234,29234
Lecturer_29235,29235
Lecturer_29236,29236
Lecturer_29237,29237
Lecturer_29238,29238
Lecturer_29239,29239
Lecturer_29240,29240
Lecturer_29241,29241
Lecturer_29242,29242
Lecturer_29243,29243
Lecturer_29244,29244
Lecturer_29245,29245
Lecturer_29246,29246
Lecturer_29247,29247
Lecturer_29248,29248
Lecturer_29249,29249
Lecturer_29250,29250
Lecturer_29251,29251
Lecturer_29252,29252
Lecturer_29253,29253
Lecturer_29254,29254
Lecturer_29255,29255
Lecturer_29256,29256
Lecturer_29257,29257
Lecturer_29258,29258
Lecturer_29259,29259
Lecturer_29260,29260
Lecturer_29261,29261
Lecturer_29262,29262
Lecturer_29263,29263
Lecturer_29264,29264
Lecturer_29265,29265
Lecturer_29266,29266
Lecturer_29267,29267
Lecturer_29268,29268
Lecturer_29269,29269
Lecturer_29270,29270
Lecturer_29271,29271
Lecturer_29272,29272
Lecturer_29273,29273
Lecturer_29274,29274
Lecturer_29275,29275
Lecturer_29276,29276
Lecturer_29277,29277
Lecturer_29278,29278
Lecturer_29279,29279
Lecturer_29280,29280
Lecturer_29281,29281
Lecturer_29282,29282
Lecturer_29283,29283
Lecturer_29284,29284
Lecturer_29285,29285
Lecturer_29286,29286
Lecturer_29287,29287
Lecturer_29288,29288
Lecturer_29289,29289
Lecturer_29290,29290
Lecturer_29291,29291
Lecturer_29292,29292
Lecturer_29293,29293
Lecturer_29294,29294
Lecturer_29295,29295
Lecturer_29296,29296
Lecturer_29297,29297
Lecturer_29298,29298
Lecturer_29299,29299
Lecturer_29300,29300
Lecturer_29301,29301
Lecturer_29302,29302
Lecturer_29303,29303
Lecturer_29304,29304
Lecturer_29305,29305
Lecturer_29306,29306
Lecturer_29307,29307
Lecturer_29308,29308
Lecturer_29309,29309
Lecturer_29310,29310
Lecturer_29311,29311
Lecturer_29312,29312
Lecturer_29313,29313
Lecturer_29314,29314
Lecturer_29315,29315
Lecturer_29316,29316
Lecturer_29317,29317
Lecturer_29318,29318
Lecturer_29319,29319
Lecturer_29320,29320
Lecturer_29321,29321
Lecturer_29322,29322
Lecturer_29323,29323
Lecturer_29324,29324
Lecturer_29325,29325
Lecturer_29326,29326
Lecturer_29327,29327
Lecturer_29328,29328
Lecturer_29329,29329
Lecturer_29330,29330
Lecturer_29331,29331
Lecturer_29332,29332
Lecturer_29333,29333
Lecturer_29334,29334
Lecturer_29335,29335
Lecturer_29336,29336
Lecturer_29337,29337
Lecturer_29338,29338
Lecturer_29339,29339
Lecturer_29340,29340
Lecturer_29341,29341
Lecturer_29342,29342
Lecturer_29343,29343
Lecturer_29344,29344
Lecturer_29345,29345
Lecturer_29346,29346
Lecturer_29347,29347
Lecturer_29348,29348
Lecturer_29349,29349
Lecturer_29350,29350
Lecturer_29351,29351
Lecturer_29352,29352
Lecturer_29353,29353
Lecturer_29354,29354
Lecturer_29355,29355
Lecturer_29356,29356
Lecturer_29357,29357
Lecturer_29358,29358
Lecturer_29359,29359
Lecturer_29360,29360
Lecturer_29361,29361
Lecturer_29362,29362
Lecturer_29363,29363
Lecturer_29364,29364
Lecturer_29365,29365
Lecturer_29366,29366
Lecturer_29367,29367
Lecturer_29368,29368
Lecturer_29369,29369
Lecturer_29370,29370
Lecturer_29371,29371
Lecturer_29372,29372
Lecturer_29373,29373
Lecturer_29374,29374
Lecturer_29375,29375
Lecturer_29376,29376
Lecturer_29377,29377
Lecturer_29378,29378
Lecturer_29379,29379
Lecturer_29380,29380
Lecturer_29381,29381
Lecturer_29382,29382
Lecturer_29383,29383
Lecturer_29384,29384
Lecturer_29385,29385
Lecturer_29386,29386
Lecturer_29387,29387
Lecturer_29388,29388
Lecturer_29389,29389
Lecturer_29390,29390
Lecturer_29391,29391
Lecturer_29392,29392
Lecturer_29393,29393
Lecturer_29394,29394
Lecturer_29395,29395
Lecturer_29396,29396
Lecturer_29397,29397
Lecturer_29398,29398
Lecturer_29399,29399
Lecturer_29400,29400
